record_id,channel,received_at,recipient,company_name,website,founder_name,founder_email,founder_linkedin,country,stage,round_size_eur,one_liner,deck_text,introducer_name,introducer_type
R0001,cold_email,2026-06-01,Jonas Weber,Grunlane,https://grunlane.example,Christopher Friedl,christopher@grunlane.example,https://www.linkedin.com/in/christopher-friedl-demo,AT,Pre-Seed,1250000,Casual gaming for fast-growing players,Grunlane: A gaming studio shipping casual mobile games with live-ops and in-app purchases. Raising 1.25m EUR (Pre-Seed).,,none
R0002,website_form,2026-06-01,Lea Hoffmann,Lyngnest,https://lyngnest.example,Sarah Davison,sarah@lyngnest.example,https://www.linkedin.com/in/sarah-davison-demo,GB,Pre-Seed,5000000,A consumer app for regional commuters,Lyngnest: A consumer mobile app that rewards commuters for greener travel choices. Raising 5.00m EUR (Pre-Seed).,,none
R0003,website_form,2026-06-01,Lea Hoffmann,Moskwise,https://moskwise.example,Danilo Kellner,danilo@moskwise.example,https://www.linkedin.com/in/danilo-kellner-demo,AT,Seed,2000000,Casual gaming for independent players,Moskwise: A gaming studio shipping casual mobile games with live-ops and in-app purchases. Raising 2.00m EUR (Seed).,,none
R0004,cold_email,2026-06-02,Astrid Holm,Brimsense,https://brimsense.example,Eleanor Stephens,eleanor@brimsense.example,https://www.linkedin.com/in/eleanor-stephens-demo,IS,Seed,3000000,Remote monitoring for European clinics,Brimsense: A platform that helps clinics monitor patients remotely and triage appointments. Raising 3.00m EUR (Seed).,,none
R0005,website_form,2026-06-02,Lea Hoffmann,Fjordly,https://fjordly.example,Univ.Prof. Karsten Hecker,univprof@fjordly.example,https://www.linkedin.com/in/univprof-karsten-hecker-demo,DE,Seed,3500000,Payments infrastructure for Nordic merchants,Fjordly: An API that lets merchants accept instant payments and reconcile invoices automatically. Raising 3.50m EUR (Seed).,,none
R0006,website_form,2026-06-02,Emil Karlsson,Jordsense,https://jordsense.example,Dr. Dana Blum,dr@jordsense.example,https://www.linkedin.com/in/dr-dana-blum-demo,CH,Seed,800000,Payments infrastructure for mid-size merchants,Jordsense: An API that lets merchants accept instant payments and reconcile invoices automatically. Raising 0.80m EUR (Seed).,,none
R0007,cold_email,2026-06-02,Mette Lund,Kvistsense,https://kvistsense.example,Kjersti Martinsen,kjersti@kvistsense.example,https://www.linkedin.com/in/kjersti-martinsen-demo,NO,Seed,3500000,Grid software for fast-growing battery storage fleets,Kvistsense: Energy software that forecasts grid load and schedules battery storage to cut carbon. Raising 3.50m EUR (Seed).,,none
R0008,website_form,2026-06-02,Emil Karlsson,Lumoflow,https://lumoflow.example,Mathias Andreasen,mathias@lumoflow.example,https://www.linkedin.com/in/mathias-andreasen-demo,DK,Series A,20500000,A consumer app for European commuters,Lumoflow: A consumer mobile app that rewards commuters for greener travel choices. Raising 20.50m EUR (Series A).,,none
R0009,cold_email,2026-06-02,Jonas Weber,Runemint,https://runemint.example,Onni Nissinen,onni@runemint.example,https://www.linkedin.com/in/onni-nissinen-demo,FI,Seed,400000,Casual gaming for European players,Runemint: A gaming studio shipping casual mobile games with live-ops and in-app purchases. Raising 0.40m EUR (Seed).,,none
R0010,linkedin,2026-06-03,Mette Lund,Grungrid,https://grungrid.example,Rico Pärtzelt B.A.,rico@grungrid.example,https://www.linkedin.com/in/rico-pärtzelt-ba-demo,DE,Pre-Seed,3250000,Payments infrastructure for European merchants,Grungrid: An API that lets merchants accept instant payments and reconcile invoices automatically. Raising 3.25m EUR (Pre-Seed).,,none
R0011,linkedin,2026-06-03,Sofie Nygaard,Norrmint,https://norrmint.example,Elżbieta Molga,elżbieta@norrmint.example,https://www.linkedin.com/in/elżbieta-molga-demo,PL,Seed,4000000,Grid software for independent battery storage fleets,Norrmint: Energy software that forecasts grid load and schedules battery storage to cut carbon. Raising 4.00m EUR (Seed).,,none
R0012,website_form,2026-06-03,Emil Karlsson,Quernware,https://quernware.example,Tamara Stefan,tamara@quernware.example,https://www.linkedin.com/in/tamara-stefan-demo,AT,Seed,4250000,Autonomous robots for mid-size warehouses,Quernware: We build warehouse robotics and machine vision that automate picking in mid-size factories. Raising 4.25m EUR (Seed).,,none
R0013,cold_email,2026-06-04,Jonas Weber,Fjordhub,https://fjordhub.example,Ann-Tone Dahl,ann@fjordhub.example,https://www.linkedin.com/in/ann-tone-dahl-demo,NO,Pre-Seed,5000000,Payments infrastructure for fast-growing merchants,Fjordhub: An API that lets merchants accept instant payments and reconcile invoices automatically. Raising 5.00m EUR (Pre-Seed).,,none
R0014,cold_email,2026-06-04,Astrid Holm,Havnpath,https://havnpath.example,Carmen Gustafsson,carmen@havnpath.example,https://www.linkedin.com/in/carmen-gustafsson-demo,SE,Seed,3750000,Remote monitoring for independent clinics,Havnpath: A platform that helps clinics monitor patients remotely and triage appointments. Raising 3.75m EUR (Seed).,,none
R0015,website_form,2026-06-04,Emil Karlsson,Lumostack,https://lumostack.example,Gilbert Mentzel,gilbert@lumostack.example,https://www.linkedin.com/in/gilbert-mentzel-demo,DE,Series B,18000000,Autonomous robots for fast-growing warehouses,Lumostack: We build warehouse robotics and machine vision that automate picking in mid-size factories. Raising 18.00m EUR (Series B).,,none
R0016,website_form,2026-06-04,Lea Hoffmann,Palloware,https://palloware.example,Aurore Flückiger,aurore@palloware.example,https://www.linkedin.com/in/aurore-flückiger-demo,CH,Series A,24500000,A consumer app for mid-size commuters,Palloware: A consumer mobile app that rewards commuters for greener travel choices. Raising 24.50m EUR (Series A).,,none
R0017,linkedin,2026-06-04,Emil Karlsson,Tindrabit,https://tindrabit.example,Yolanda Stadelmann,yolanda@tindrabit.example,https://www.linkedin.com/in/yolanda-stadelmann-demo,CH,Seed,4500000,Grid software for independent battery storage fleets,Tindrabit: Energy software that forecasts grid load and schedules battery storage to cut carbon. Raising 4.50m EUR (Seed).,,none
R0018,cold_email,2026-06-05,Jonas Weber,Kelobit,https://kelobit.example,Dr. Helene Kaiser,dr@kelobit.example,https://www.linkedin.com/in/dr-helene-kaiser-demo,AT,Series A,15000000,Autonomous robots for fast-growing warehouses,Kelobit: We build warehouse robotics and machine vision that automate picking in mid-size factories. Raising 15.00m EUR (Series A).,,none
R0019,cold_email,2026-06-05,Astrid Holm,Kelowise,https://kelowise.example,Rune Eriksen,rune@kelowise.example,https://www.linkedin.com/in/rune-eriksen-demo,DK,Series B,9000000,Remote monitoring for regional clinics,Kelowise: A platform that helps clinics monitor patients remotely and triage appointments. Raising 9.00m EUR (Series B).,,none
R0020,cold_email,2026-06-05,Jonas Weber,Kvistnest,https://kvistnest.example,Tanja Heger-Breuer,tanja@kvistnest.example,https://www.linkedin.com/in/tanja-heger-breuer-demo,AT,Seed,1250000,Autonomous robots for independent warehouses,Kvistnest: We build warehouse robotics and machine vision that automate picking in mid-size factories. Raising 1.25m EUR (Seed).,,none
R0021,website_form,2026-06-05,Emil Karlsson,Runestack,https://runestack.example,Teemu Peltola,teemu@runestack.example,https://www.linkedin.com/in/teemu-peltola-demo,FI,Seed,4750000,Autonomous robots for regional warehouses,Runestack: We build warehouse robotics and machine vision that automate picking in mid-size factories. Raising 4.75m EUR (Seed).,,none
R0022,website_form,2026-06-05,Emil Karlsson,Strandwerk,https://strandwerk.example,Paul Wiesinger,paul@strandwerk.example,https://www.linkedin.com/in/paul-wiesinger-demo,AT,Pre-Seed,3750000,Payments infrastructure for European merchants,Strandwerk: An API that lets merchants accept instant payments and reconcile invoices automatically. Raising 3.75m EUR (Pre-Seed).,,none
R0023,cold_email,2026-06-05,Astrid Holm,Ulvbyte,https://ulvbyte.example,Annemette Jacobsen,annemette@ulvbyte.example,https://www.linkedin.com/in/annemette-jacobsen-demo,DK,Series B,18500000,Autonomous robots for independent warehouses,Ulvbyte: We build warehouse robotics and machine vision that automate picking in mid-size factories. Raising 18.50m EUR (Series B).,,none
R0024,linkedin,2026-06-05,Jonas Weber,Ulvware,https://ulvware.example,Ivan Kjær,ivan@ulvware.example,https://www.linkedin.com/in/ivan-kjær-demo,DK,Pre-Seed,1250000,Remote monitoring for mid-size clinics,Ulvware: A platform that helps clinics monitor patients remotely and triage appointments. Raising 1.25m EUR (Pre-Seed).,,none
R0025,linkedin,2026-06-05,Mette Lund,Voltsense,https://voltsense.example,Marjatta Oksanen,marjatta@voltsense.example,https://www.linkedin.com/in/marjatta-oksanen-demo,FI,Seed,3750000,Workflow SaaS for regional construction firms,Voltsense: B2B SaaS that digitises site workflow and supply chain paperwork for construction and manufacturing. Raising 3.75m EUR (Seed).,,none
R0026,cold_email,2026-06-05,Mette Lund,Waldnest,https://waldnest.example,Ivan Nilsson,ivan@waldnest.example,https://www.linkedin.com/in/ivan-nilsson-demo,SE,Seed,3000000,Grid software for Nordic battery storage fleets,Waldnest: Energy software that forecasts grid load and schedules battery storage to cut carbon. Raising 3.00m EUR (Seed).,,none
R0027,website_form,2026-06-08,Emil Karlsson,Arktnest,https://arktnest.example,Kirstin Hübel,kirstin@arktnest.example,https://www.linkedin.com/in/kirstin-hübel-demo,DE,Series A,19500000,Autonomous robots for European warehouses,Arktnest: We build warehouse robotics and machine vision that automate picking in mid-size factories. Raising 19.50m EUR (Series A).,,none
R0028,cold_email,2026-06-08,Mette Lund,Birkwerk,https://birkwerk.example,Valerie Turner,valerie@birkwerk.example,https://www.linkedin.com/in/valerie-turner-demo,GB,Pre-Seed,3500000,Payments infrastructure for Nordic merchants,Birkwerk: An API that lets merchants accept instant payments and reconcile invoices automatically. Raising 3.50m EUR (Pre-Seed).,,none
R0029,cold_email,2026-06-08,Astrid Holm,Orkagrid,https://orkagrid.example,Dr. Javier Gut,dr@orkagrid.example,https://www.linkedin.com/in/dr-javier-gut-demo,CH,Seed,3750000,Remote monitoring for regional clinics,Orkagrid: A platform that helps clinics monitor patients remotely and triage appointments. Raising 3.75m EUR (Seed).,,none
R0030,website_form,2026-06-08,Lea Hoffmann,Strandgrid,https://strandgrid.example,Loïs Françoise,loïs@strandgrid.example,https://www.linkedin.com/in/loïs-françoise-demo,NL,Seed,2250000,Casual gaming for European players,Strandgrid: A gaming studio shipping casual mobile games with live-ops and in-app purchases. Raising 2.25m EUR (Seed).,,none
R0031,website_form,2026-06-08,Lea Hoffmann,Vestalane,https://vestalane.example,Ulla Nilsson,ulla@vestalane.example,https://www.linkedin.com/in/ulla-nilsson-demo,SE,Pre-Seed,4000000,Remote monitoring for fast-growing clinics,Vestalane: A platform that helps clinics monitor patients remotely and triage appointments. Raising 4.00m EUR (Pre-Seed).,,none
R0032,website_form,2026-06-08,Lea Hoffmann,Vestayard,https://vestayard.example,Toivo Rajala-Leskinen,toivo@vestayard.example,https://www.linkedin.com/in/toivo-rajala-leskinen-demo,FI,Seed,4750000,Workflow SaaS for regional construction firms,Vestayard: B2B SaaS that digitises site workflow and supply chain paperwork for construction and manufacturing. Raising 4.75m EUR (Seed).,,none
R0033,cold_email,2026-06-09,Astrid Holm,Fjordbyte,https://fjordbyte.example,Ryan Jones,ryan@fjordbyte.example,https://www.linkedin.com/in/ryan-jones-demo,US,Seed,4250000,Grid software for independent battery storage fleets,Fjordbyte: Energy software that forecasts grid load and schedules battery storage to cut carbon. Raising 4.25m EUR (Seed).,,none
R0034,website_form,2026-06-09,Lea Hoffmann,Keloware,https://keloware.example,Simen-Roy Gundersen,simen@keloware.example,https://www.linkedin.com/in/simen-roy-gundersen-demo,NO,Pre-Seed,1750000,Workflow SaaS for mid-size construction firms,Keloware: B2B SaaS that digitises site workflow and supply chain paperwork for construction and manufacturing. Raising 1.75m EUR (Pre-Seed).,,none
R0035,cold_email,2026-06-09,Astrid Holm,Pallomint,https://pallomint.example,Fabio Spiegl-Schweitzer,fabio@pallomint.example,https://www.linkedin.com/in/fabio-spiegl-schweitzer-demo,AT,Seed,4500000,Remote monitoring for fast-growing clinics,Pallomint: A platform that helps clinics monitor patients remotely and triage appointments. Raising 4.50m EUR (Seed).,,none
R0036,website_form,2026-06-09,Emil Karlsson,Robotix AI,https://robotix.example,Freja Lindqvist,freja@robotix.example,https://www.linkedin.com/in/freja-lindqvist-demo,DE,Seed,3500000,Autonomous picking robots for mid-size European warehouses,Robotix AI builds warehouse robotics: autonomous picking arms with machine vision that automate order picking in mid-size factories and logistics hubs. Raising 3.50m EUR (Seed).,,none
R0037,cold_email,2026-06-09,Astrid Holm,Solwerk,https://solwerk.example,Ludvig Gren,ludvig@solwerk.example,https://www.linkedin.com/in/ludvig-gren-demo,SE,Pre-Seed,400000,A consumer app for fast-growing commuters,Solwerk: A consumer mobile app that rewards commuters for greener travel choices. Raising 0.40m EUR (Pre-Seed).,,none
R0038,cold_email,2026-06-09,Jonas Weber,Strandgrid,strandgrid.example/about/,Loïs Françoise,loïs@strandgrid.example,https://www.linkedin.com/in/loïs-françoise-demo,NL,Seed,2250000,Casual gaming for European players,Strandgrid: A gaming studio shipping casual mobile games with live-ops and in-app purchases. Raising 2.25m EUR (Seed).,,none
R0039,website_form,2026-06-09,Emil Karlsson,Tuvawerk,https://tuvawerk.example,Sigurd Fredriksson,sigurd@tuvawerk.example,https://www.linkedin.com/in/sigurd-fredriksson-demo,SE,Series B,10500000,Grid software for fast-growing battery storage fleets,Tuvawerk: Energy software that forecasts grid load and schedules battery storage to cut carbon. Raising 10.50m EUR (Series B).,,none
R0040,cold_email,2026-06-09,Jonas Weber,Zinksense,https://zinksense.example,Christian Ahonen,christian@zinksense.example,https://www.linkedin.com/in/christian-ahonen-demo,FI,Seed,1750000,Remote monitoring for mid-size clinics,Zinksense: A platform that helps clinics monitor patients remotely and triage appointments. Raising 1.75m EUR (Seed).,,none
R0041,cold_email,2026-06-10,Mette Lund,Kelocell,https://kelocell.example,Dr. Sabina Wirth,dr@kelocell.example,https://www.linkedin.com/in/dr-sabina-wirth-demo,CH,Seed,900000,Remote monitoring for Nordic clinics,Kelocell: A platform that helps clinics monitor patients remotely and triage appointments. Raising 0.90m EUR (Seed).,,none
R0042,website_form,2026-06-10,Emil Karlsson,Nimbustack,https://nimbustack.example,Ing. Rico Reuter,ing@nimbustack.example,https://www.linkedin.com/in/ing-rico-reuter-demo,DE,Pre-Seed,1500000,Workflow SaaS for independent construction firms,Nimbustack: B2B SaaS that digitises site workflow and supply chain paperwork for construction and manufacturing. Raising 1.50m EUR (Pre-Seed).,,none
R0043,website_form,2026-06-10,Lea Hoffmann,Orkacell,https://orkacell.example,Russell Parry,russell@orkacell.example,https://www.linkedin.com/in/russell-parry-demo,GB,Pre-Seed,1750000,Grid software for European battery storage fleets,Orkacell: Energy software that forecasts grid load and schedules battery storage to cut carbon. Raising 1.75m EUR (Pre-Seed).,,none
R0044,cold_email,2026-06-10,Astrid Holm,Palloloop,https://palloloop.example,Artur Titov,artur@palloloop.example,https://www.linkedin.com/in/artur-titov-demo,EE,Pre-Seed,1750000,Autonomous robots for Nordic warehouses,Palloloop: We build warehouse robotics and machine vision that automate picking in mid-size factories. Raising 1.75m EUR (Pre-Seed).,,none
R0045,linkedin,2026-06-11,Sofie Nygaard,Birkhub,https://birkhub.example,Clara Vendrell Almagro,clara@birkhub.example,https://www.linkedin.com/in/clara-vendrell-almagro-demo,ES,Pre-Seed,4000000,Remote monitoring for regional clinics,Birkhub: A platform that helps clinics monitor patients remotely and triage appointments. Raising 4.00m EUR (Pre-Seed).,,none
R0046,cold_email,2026-06-11,Jonas Weber,Fjordgrid,https://fjordgrid.example,Dr Nigel Fitzgerald,dr@fjordgrid.example,https://www.linkedin.com/in/dr-nigel-fitzgerald-demo,IS,Seed,2500000,Grid software for mid-size battery storage fleets,Fjordgrid: Energy software that forecasts grid load and schedules battery storage to cut carbon. Raising 2.50m EUR (Seed).,,none
R0047,linkedin,2026-06-11,Lea Hoffmann,Moskpath,https://moskpath.example,Kristian Haapaniemi,kristian@moskpath.example,https://www.linkedin.com/in/kristian-haapaniemi-demo,FI,Pre-Seed,1750000,Grid software for independent battery storage fleets,Moskpath: Energy software that forecasts grid load and schedules battery storage to cut carbon. Raising 1.75m EUR (Pre-Seed).,,none
R0048,cold_email,2026-06-11,Jonas Weber,Palloware AG,,Aurore Flückiger,aurore@palloware.example,,CH,Series A,24500000,A consumer app for mid-size commuters,Palloware: A consumer mobile app that rewards commuters for greener travel choices. Raising 24.50m EUR (Series A).,,none
R0049,linkedin,2026-06-11,Astrid Holm,Quernly,https://quernly.example,Tara Zbinden,tara@quernly.example,https://www.linkedin.com/in/tara-zbinden-demo,CH,Pre-Seed,4500000,Workflow SaaS for mid-size construction firms,Quernly: B2B SaaS that digitises site workflow and supply chain paperwork for construction and manufacturing. Raising 4.50m EUR (Pre-Seed).,,none
R0050,cold_email,2026-06-11,Jonas Weber,Ystadbyte,https://ystadbyte.example,Marit Ortmann-Losekann,marit@ystadbyte.example,https://www.linkedin.com/in/marit-ortmann-losekann-demo,DE,Pre-Seed,2500000,Grid software for Nordic battery storage fleets,Ystadbyte: Energy software that forecasts grid load and schedules battery storage to cut carbon. Raising 2.50m EUR (Pre-Seed).,,none
R0051,website_form,2026-06-12,Emil Karlsson,Arktwise,https://arktwise.example,George Norton,george@arktwise.example,https://www.linkedin.com/in/george-norton-demo,IS,Seed,5000000,Workflow SaaS for Nordic construction firms,Arktwise: B2B SaaS that digitises site workflow and supply chain paperwork for construction and manufacturing. Raising 5.00m EUR (Seed).,,none
R0052,cold_email,2026-06-12,Astrid Holm,Moskbit,https://moskbit.example,Unni Tveit,unni@moskbit.example,https://www.linkedin.com/in/unni-tveit-demo,NO,Pre-Seed,6500000,Autonomous robots for mid-size warehouses,Moskbit: We build warehouse robotics and machine vision that automate picking in mid-size factories. Raising 6.50m EUR (Pre-Seed).,,none
R0053,cold_email,2026-06-12,Mette Lund,Orkawise,https://orkawise.example,Francis Randall,francis@orkawise.example,https://www.linkedin.com/in/francis-randall-demo,IS,Seed,3250000,Grid software for regional battery storage fleets,Orkawise: Energy software that forecasts grid load and schedules battery storage to cut carbon. Raising 3.25m EUR (Seed).,,none
R0054,cold_email,2026-06-12,Astrid Holm,Quernwerk,https://quernwerk.example,Osvald Thygesen,osvald@quernwerk.example,https://www.linkedin.com/in/osvald-thygesen-demo,DK,Series B,15000000,Remote monitoring for European clinics,Quernwerk: A platform that helps clinics monitor patients remotely and triage appointments. Raising 15.00m EUR (Series B).,,none
R0055,cold_email,2026-06-12,Astrid Holm,Tindrascope,https://tindrascope.example,Anna-Liisa Kangas,anna@tindrascope.example,https://www.linkedin.com/in/anna-liisa-kangas-demo,FI,Seed,7500000,Grid software for independent battery storage fleets,Tindrascope: Energy software that forecasts grid load and schedules battery storage to cut carbon. Raising 7.50m EUR (Seed).,,none
R0056,website_form,2026-06-12,Lea Hoffmann,Tindrastack,https://tindrastack.example,Marcus Miller,marcus@tindrastack.example,https://www.linkedin.com/in/marcus-miller-demo,IS,Series B,22500000,Autonomous robots for independent warehouses,Tindrastack: We build warehouse robotics and machine vision that automate picking in mid-size factories. Raising 22.50m EUR (Series B).,,none
R0057,website_form,2026-06-12,Lea Hoffmann,Waldcell,https://waldcell.example,Benedict Leithner,benedict@waldcell.example,https://www.linkedin.com/in/benedict-leithner-demo,AT,Series B,6500000,Workflow SaaS for European construction firms,Waldcell: B2B SaaS that digitises site workflow and supply chain paperwork for construction and manufacturing. Raising 6.50m EUR (Series B).,,none
R0058,linkedin,2026-06-15,Astrid Holm,Kvistnest,kvistnest.example/about/,Tanja Heger-Breuer,tanja@kvistnest.example,https://www.linkedin.com/in/tanja-heger-breuer-demo,AT,Seed,1250000,Autonomous robots for independent warehouses,Kvistnest: We build warehouse robotics and machine vision that automate picking in mid-size factories. Raising 1.25m EUR (Seed).,,none
R0059,cold_email,2026-06-15,Jonas Weber,Tuvabyte,https://tuvabyte.example,Saara Elo-Laiho,saara@tuvabyte.example,https://www.linkedin.com/in/saara-elo-laiho-demo,FI,Seed,2500000,Payments infrastructure for regional merchants,Tuvabyte: An API that lets merchants accept instant payments and reconcile invoices automatically. Raising 2.50m EUR (Seed).,,none
R0060,linkedin,2026-06-16,Lea Hoffmann,Lumoware,https://lumoware.example,Dipl.-Ing. Jasmina Dörr B.Eng.,dipl@lumoware.example,https://www.linkedin.com/in/dipl-ing-jasmina-dörr-beng-demo,DE,Pre-Seed,3250000,Payments infrastructure for regional merchants,Lumoware: An API that lets merchants accept instant payments and reconcile invoices automatically. Raising 3.25m EUR (Pre-Seed).,,none
R0061,website_form,2026-06-16,Emil Karlsson,Nimbumint,https://nimbumint.example,Eva Wenger,eva@nimbumint.example,https://www.linkedin.com/in/eva-wenger-demo,AT,Seed,2250000,Remote monitoring for Nordic clinics,Nimbumint: A platform that helps clinics monitor patients remotely and triage appointments. Raising 2.25m EUR (Seed).,,none
R0062,website_form,2026-06-16,Lea Hoffmann,Orkamint,https://orkamint.example,Nadia Enríquez,nadia@orkamint.example,https://www.linkedin.com/in/nadia-enríquez-demo,ES,Pre-Seed,2000000,A consumer app for European commuters,Orkamint: A consumer mobile app that rewards commuters for greener travel choices. Raising 2.00m EUR (Pre-Seed).,,none
R0063,website_form,2026-06-16,Emil Karlsson,Solforge,https://solforge.example,Tobias Norén Löf,tobias@solforge.example,https://www.linkedin.com/in/tobias-norén-löf-demo,SE,Seed,3000000,Autonomous robots for European warehouses,Solforge: We build warehouse robotics and machine vision that automate picking in mid-size factories. Raising 3.00m EUR (Seed).,,none
R0064,cold_email,2026-06-16,Astrid Holm,Ystadwerk,https://ystadwerk.example,René Zbinden,rené@ystadwerk.example,https://www.linkedin.com/in/rené-zbinden-demo,CH,Seed,2250000,Workflow SaaS for fast-growing construction firms,Ystadwerk: B2B SaaS that digitises site workflow and supply chain paperwork for construction and manufacturing. Raising 2.25m EUR (Seed).,,none
R0065,cold_email,2026-06-17,Mette Lund,Birkwerk Ltd,birkwerk.example/about/,Valerie Turner,valerie@birkwerk.example,https://www.linkedin.com/in/valerie-turner-demo,GB,Pre-Seed,3500000,Payments infrastructure for Nordic merchants,Birkwerk: An API that lets merchants accept instant payments and reconcile invoices automatically. Raising 3.50m EUR (Pre-Seed).,,none
R0066,website_form,2026-06-17,Emil Karlsson,Moskmint,https://moskmint.example,Raimo Ojala,raimo@moskmint.example,https://www.linkedin.com/in/raimo-ojala-demo,FI,Seed,3250000,Workflow SaaS for fast-growing construction firms,Moskmint: B2B SaaS that digitises site workflow and supply chain paperwork for construction and manufacturing. Raising 3.25m EUR (Seed).,,none
R0067,linkedin,2026-06-17,Jonas Weber,Orkascope,https://orkascope.example,Nea Nyman-Pitkänen,nea@orkascope.example,https://www.linkedin.com/in/nea-nyman-pitkänen-demo,FI,Pre-Seed,6000000,Autonomous robots for Nordic warehouses,Orkascope: We build warehouse robotics and machine vision that automate picking in mid-size factories. Raising 6.00m EUR (Pre-Seed).,,none
R0068,website_form,2026-06-17,Emil Karlsson,Vindhub,https://vindhub.example,Nélida Casares Acero,nélida@vindhub.example,https://www.linkedin.com/in/nélida-casares-acero-demo,ES,Seed,3500000,Casual gaming for mid-size players,Vindhub: A gaming studio shipping casual mobile games with live-ops and in-app purchases. Raising 3.50m EUR (Seed).,,none
R0069,website_form,2026-06-18,Emil Karlsson,Havnloop,https://havnloop.example,Marc Launay,marc@havnloop.example,https://www.linkedin.com/in/marc-launay-demo,FR,Seed,4250000,Payments infrastructure for independent merchants,Havnloop: An API that lets merchants accept instant payments and reconcile invoices automatically. Raising 4.25m EUR (Seed).,,none
R0070,website_form,2026-06-18,Lea Hoffmann,Keloforge,https://keloforge.example,Lars Dahl,lars@keloforge.example,https://www.linkedin.com/in/lars-dahl-demo,SE,Pre-Seed,4000000,Casual gaming for mid-size players,Keloforge: A gaming studio shipping casual mobile games with live-ops and in-app purchases. Raising 4.00m EUR (Pre-Seed).,,none
R0071,website_form,2026-06-18,Emil Karlsson,Kraftforge,https://kraftforge.example,Danielle de Regnier,danielle@kraftforge.example,https://www.linkedin.com/in/danielle-de-regnier-demo,FR,Seed,4250000,A consumer app for European commuters,Kraftforge: A consumer mobile app that rewards commuters for greener travel choices. Raising 4.25m EUR (Seed).,,none
R0072,linkedin,2026-06-18,Jonas Weber,Strandstack,https://strandstack.example,Dipl.-Ing. Evangelia Hahn B.Sc.,dipl@strandstack.example,https://www.linkedin.com/in/dipl-ing-evangelia-hahn-bsc-demo,DE,Series A,17000000,Casual gaming for Nordic players,Strandstack: A gaming studio shipping casual mobile games with live-ops and in-app purchases. Raising 17.00m EUR (Series A).,,none
R0073,website_form,2026-06-18,Emil Karlsson,Tuvabyte Oy,http://www.tuvabyte.example,Saara Elo-Laiho,saara@tuvabyte.example,https://www.linkedin.com/in/saara-elo-laiho-demo,FI,Seed,2500000,Payments infrastructure for regional merchants,Tuvabyte: An API that lets merchants accept instant payments and reconcile invoices automatically. Raising 2.50m EUR (Seed).,,none
R0074,linkedin,2026-06-18,Astrid Holm,Ystadstack,https://ystadstack.example,Amador Castilla Farré,amador@ystadstack.example,https://www.linkedin.com/in/amador-castilla-farré-demo,ES,Pre-Seed,2750000,Autonomous robots for mid-size warehouses,Ystadstack: We build warehouse robotics and machine vision that automate picking in mid-size factories. Raising 2.75m EUR (Pre-Seed).,,none
R0075,linkedin,2026-06-19,Lukas Brandt,Waldnest AI,,Ivan Nilsson,,,SE,Seed,3000000,Grid software for Nordic battery storage fleets,Waldnest: Energy software that forecasts grid load and schedules battery storage to cut carbon. Raising 3.00m EUR (Seed).,,none
R0076,cold_email,2026-06-22,Jonas Weber,Kraftloop,https://kraftloop.example,Arda Roos,arda@kraftloop.example,https://www.linkedin.com/in/arda-roos-demo,CH,Series A,14000000,Grid software for fast-growing battery storage fleets,Kraftloop: Energy software that forecasts grid load and schedules battery storage to cut carbon. Raising 14.00m EUR (Series A).,,none
R0077,website_form,2026-06-22,Emil Karlsson,Lynggrid,https://lynggrid.example,Herr Dierk Hesse MBA.,herr@lynggrid.example,https://www.linkedin.com/in/herr-dierk-hesse-mba-demo,DE,Seed,3250000,Payments infrastructure for independent merchants,Lynggrid: An API that lets merchants accept instant payments and reconcile invoices automatically. Raising 3.25m EUR (Seed).,,none
R0078,linkedin,2026-06-22,Astrid Holm,Palloware AG,,Aurore Flückiger,aurore@palloware.example,,CH,Series A,24500000,A consumer app for mid-size commuters,Palloware: A consumer mobile app that rewards commuters for greener travel choices. Raising 24.50m EUR (Series A).,,none
R0079,linkedin,2026-06-22,Astrid Holm,Tuvascope,https://tuvascope.example,Johan Lidström-Vilhelmsson,johan@tuvascope.example,https://www.linkedin.com/in/johan-lidström-vilhelmsson-demo,SE,Seed,1250000,Grid software for independent battery storage fleets,Tuvascope: Energy software that forecasts grid load and schedules battery storage to cut carbon. Raising 1.25m EUR (Seed).,,none
R0080,cold_email,2026-06-22,Astrid Holm,Voltgrid,https://voltgrid.example,Hr Freddy Mogensen,hr@voltgrid.example,https://www.linkedin.com/in/hr-freddy-mogensen-demo,DK,Series B,19000000,Autonomous robots for European warehouses,Voltgrid: We build warehouse robotics and machine vision that automate picking in mid-size factories. Raising 19.00m EUR (Series B).,,none
R0081,linkedin,2026-06-23,Jonas Weber,Fjordlane,https://fjordlane.example,Mari Helland-Iversen,mari@fjordlane.example,https://www.linkedin.com/in/mari-helland-iversen-demo,NO,Seed,4000000,Casual gaming for Nordic players,Fjordlane: A gaming studio shipping casual mobile games with live-ops and in-app purchases. Raising 4.00m EUR (Seed).,,none
R0082,linkedin,2026-06-23,Emil Karlsson,Isoloop,https://isoloop.example,Erik Löfgren,erik@isoloop.example,https://www.linkedin.com/in/erik-löfgren-demo,SE,Pre-Seed,9000000,Autonomous robots for Nordic warehouses,Isoloop: We build warehouse robotics and machine vision that automate picking in mid-size factories. Raising 9.00m EUR (Pre-Seed).,,none
R0083,cold_email,2026-06-23,Jonas Weber,Lumoflow ApS,,Mathias Andreasen,mathias@lumoflow.example,,DK,Series A,20500000,A consumer app for European commuters,Lumoflow: A consumer mobile app that rewards commuters for greener travel choices. Raising 20.50m EUR (Series A).,,none
R0084,website_form,2026-06-23,Emil Karlsson,Zinkstack,https://zinkstack.example,Vera Knudsen,vera@zinkstack.example,https://www.linkedin.com/in/vera-knudsen-demo,DK,Series B,10500000,Autonomous robots for mid-size warehouses,Zinkstack: We build warehouse robotics and machine vision that automate picking in mid-size factories. Raising 10.50m EUR (Series B).,,none
R0085,cold_email,2026-06-24,Jonas Weber,Runely,https://runely.example,Lea-Sophie Fitz,lea@runely.example,https://www.linkedin.com/in/lea-sophie-fitz-demo,AT,Pre-Seed,3750000,Remote monitoring for Nordic clinics,Runely: A platform that helps clinics monitor patients remotely and triage appointments. Raising 3.75m EUR (Pre-Seed).,,none
R0086,cold_email,2026-06-24,Mette Lund,Runemint Oy,http://www.runemint.example,Onni Nissinen,onni@runemint.example,https://www.linkedin.com/in/onni-nissinen-demo,FI,Seed,400000,Casual gaming for European players,Runemint: A gaming studio shipping casual mobile games with live-ops and in-app purchases. Raising 0.40m EUR (Seed).,,none
R0087,website_form,2026-06-24,Emil Karlsson,SOLWERK,,Ludvig Gren,,linkedin.com/in/ludvig-gren-demo/,SE,Pre-Seed,400000,A consumer app for fast-growing commuters,Solwerk: A consumer mobile app that rewards commuters for greener travel choices. Raising 0.40m EUR (Pre-Seed).,,none
R0088,cold_email,2026-06-24,Jonas Weber,Waldbyte,https://waldbyte.example,Hilary West,hilary@waldbyte.example,https://www.linkedin.com/in/hilary-west-demo,GB,Pre-Seed,2500000,Grid software for Nordic battery storage fleets,Waldbyte: Energy software that forecasts grid load and schedules battery storage to cut carbon. Raising 2.50m EUR (Pre-Seed).,,none
R0089,website_form,2026-06-24,Lea Hoffmann,Waldly,https://waldly.example,Florentina Dorfer,florentina@waldly.example,https://www.linkedin.com/in/florentina-dorfer-demo,AT,Pre-Seed,4250000,Workflow SaaS for fast-growing construction firms,Waldly: B2B SaaS that digitises site workflow and supply chain paperwork for construction and manufacturing. Raising 4.25m EUR (Pre-Seed).,,none
R0090,cold_email,2026-06-25,Mette Lund,Havnpath AB,,Carmen Gustafsson,carmen@havnpath.example,,SE,Seed,3750000,Remote monitoring for independent clinics,Havnpath: A platform that helps clinics monitor patients remotely and triage appointments. Raising 3.75m EUR (Seed).,,none
R0091,cold_email,2026-06-25,Astrid Holm,Runelane,https://runelane.example,Brian Newton,brian@runelane.example,https://www.linkedin.com/in/brian-newton-demo,GB,Pre-Seed,2750000,Grid software for fast-growing battery storage fleets,Runelane: Energy software that forecasts grid load and schedules battery storage to cut carbon. Raising 2.75m EUR (Pre-Seed).,,none
R0092,linkedin,2026-06-25,Lukas Brandt,TUVABYTE,,Saara Elo-Laiho,,linkedin.com/in/saara-elo-laiho-demo/,FI,Seed,2500000,Payments infrastructure for regional merchants,Tuvabyte: An API that lets merchants accept instant payments and reconcile invoices automatically. Raising 2.50m EUR (Seed).,,none
R0093,cold_email,2026-06-25,Astrid Holm,Vindforge,https://vindforge.example,Monique-Simone Fontaine,monique@vindforge.example,https://www.linkedin.com/in/monique-simone-fontaine-demo,FR,Pre-Seed,5000000,A consumer app for Nordic commuters,Vindforge: A consumer mobile app that rewards commuters for greener travel choices. Raising 5.00m EUR (Pre-Seed).,,none
R0094,cold_email,2026-06-26,Mette Lund,Grunbit,https://grunbit.example,Martin Sanchez,martin@grunbit.example,https://www.linkedin.com/in/martin-sanchez-demo,FR,Seed,3000000,Workflow SaaS for independent construction firms,Grunbit: B2B SaaS that digitises site workflow and supply chain paperwork for construction and manufacturing. Raising 3.00m EUR (Seed).,,none
R0095,website_form,2026-06-26,Emil Karlsson,Grunware,https://grunware.example,Ester Bach,ester@grunware.example,https://www.linkedin.com/in/ester-bach-demo,DK,Seed,3500000,A consumer app for Nordic commuters,Grunware: A consumer mobile app that rewards commuters for greener travel choices. Raising 3.50m EUR (Seed).,,none
R0096,cold_email,2026-06-26,Astrid Holm,Kvistflow,https://kvistflow.example,Stephen Watson,stephen@kvistflow.example,https://www.linkedin.com/in/stephen-watson-demo,US,Seed,4000000,Grid software for independent battery storage fleets,Kvistflow: Energy software that forecasts grid load and schedules battery storage to cut carbon. Raising 4.00m EUR (Seed).,,none
R0097,linkedin,2026-06-26,Lea Hoffmann,Moskyard,https://moskyard.example,Kiara Wehrli,kiara@moskyard.example,https://www.linkedin.com/in/kiara-wehrli-demo,CH,Series A,6000000,Grid software for independent battery storage fleets,Moskyard: Energy software that forecasts grid load and schedules battery storage to cut carbon. Raising 6.00m EUR (Series A).,,none
R0098,linkedin,2026-06-26,Mette Lund,Quernwise,https://quernwise.example,Antoni Faruga,antoni@quernwise.example,https://www.linkedin.com/in/antoni-faruga-demo,PL,Pre-Seed,3500000,Workflow SaaS for independent construction firms,Quernwise: B2B SaaS that digitises site workflow and supply chain paperwork for construction and manufacturing. Raising 3.50m EUR (Pre-Seed).,,none
R0099,linkedin,2026-06-26,Lea Hoffmann,Tindramint,https://tindramint.example,Gottfried Koch II MBA.,gottfried@tindramint.example,https://www.linkedin.com/in/gottfried-koch-ii-mba-demo,DE,Seed,2750000,Casual gaming for mid-size players,Tindramint: A gaming studio shipping casual mobile games with live-ops and in-app purchases. Raising 2.75m EUR (Seed).,,none
R0100,website_form,2026-06-26,Emil Karlsson,Zinksense AI,,Christian Ahonen,,,FI,Seed,1750000,Remote monitoring for mid-size clinics,Zinksense: A platform that helps clinics monitor patients remotely and triage appointments. Raising 1.75m EUR (Seed).,,none
R0101,cold_email,2026-06-29,Jonas Weber,Grunyard,https://grunyard.example,Samuel Wilkinson,samuel@grunyard.example,https://www.linkedin.com/in/samuel-wilkinson-demo,IS,Pre-Seed,1750000,Autonomous robots for independent warehouses,Grunyard: We build warehouse robotics and machine vision that automate picking in mid-size factories. Raising 1.75m EUR (Pre-Seed).,,none
R0102,cold_email,2026-06-29,Mette Lund,Keloforge AB,keloforge.example/about/,Lars Dahl,lars@keloforge.example,https://www.linkedin.com/in/lars-dahl-demo,SE,Pre-Seed,4000000,Casual gaming for mid-size players,Keloforge: A gaming studio shipping casual mobile games with live-ops and in-app purchases. Raising 4.00m EUR (Pre-Seed).,,none
R0103,linkedin,2026-06-29,Mette Lund,Lynglane,https://lynglane.example,Olle Carlberg,olle@lynglane.example,https://www.linkedin.com/in/olle-carlberg-demo,SE,Series B,14000000,Casual gaming for European players,Lynglane: A gaming studio shipping casual mobile games with live-ops and in-app purchases. Raising 14.00m EUR (Series B).,,none
R0104,cold_email,2026-06-29,Astrid Holm,Waldloop,https://waldloop.example,Julian Michel,julian@waldloop.example,https://www.linkedin.com/in/julian-michel-demo,CH,Pre-Seed,800000,Payments infrastructure for Nordic merchants,Waldloop: An API that lets merchants accept instant payments and reconcile invoices automatically. Raising 0.80m EUR (Pre-Seed).,,none
R0105,website_form,2026-06-30,Lea Hoffmann,Keloforge AB,http://www.keloforge.example,Lars Dahl,lars@keloforge.example,https://www.linkedin.com/in/lars-dahl-demo,SE,Pre-Seed,4000000,Casual gaming for mid-size players,Keloforge: A gaming studio shipping casual mobile games with live-ops and in-app purchases. Raising 4.00m EUR (Pre-Seed).,,none
R0106,linkedin,2026-06-30,Lea Hoffmann,Kvistmint,https://kvistmint.example,Alicia Rutten,alicia@kvistmint.example,https://www.linkedin.com/in/alicia-rutten-demo,NL,Seed,3000000,Autonomous robots for fast-growing warehouses,Kvistmint: We build warehouse robotics and machine vision that automate picking in mid-size factories. Raising 3.00m EUR (Seed).,,none
R0107,cold_email,2026-06-30,Jonas Weber,Lynggrid GmbH,,Herr Dierk Hesse MBA.,herr@lynggrid.example,,DE,Seed,3250000,Payments infrastructure for independent merchants,Lynggrid: An API that lets merchants accept instant payments and reconcile invoices automatically. Raising 3.25m EUR (Seed).,,none
R0108,website_form,2026-06-30,Emil Karlsson,Norrstack,https://norrstack.example,Eerik Mäkinen,eerik@norrstack.example,https://www.linkedin.com/in/eerik-mäkinen-demo,FI,Seed,4000000,Autonomous robots for mid-size warehouses,Norrstack: We build warehouse robotics and machine vision that automate picking in mid-size factories. Raising 4.00m EUR (Seed).,,none
R0109,cold_email,2026-06-30,Mette Lund,Strandgrid Ltd,,Loïs Françoise,loïs@strandgrid.example,,NL,Seed,2250000,Casual gaming for European players,Strandgrid: A gaming studio shipping casual mobile games with live-ops and in-app purchases. Raising 2.25m EUR (Seed).,,none
R0110,cold_email,2026-06-30,Astrid Holm,Ulvyard,https://ulvyard.example,Roy Halvorsen,roy@ulvyard.example,https://www.linkedin.com/in/roy-halvorsen-demo,NO,Series B,22000000,Workflow SaaS for independent construction firms,Ulvyard: B2B SaaS that digitises site workflow and supply chain paperwork for construction and manufacturing. Raising 22.00m EUR (Series B).,,none
R0111,cold_email,2026-06-30,Mette Lund,Ystadmint,https://ystadmint.example,Dejan Brun-Hodel,dejan@ystadmint.example,https://www.linkedin.com/in/dejan-brun-hodel-demo,CH,Pre-Seed,2750000,Casual gaming for regional players,Ystadmint: A gaming studio shipping casual mobile games with live-ops and in-app purchases. Raising 2.75m EUR (Pre-Seed).,,none
R0112,linkedin,2026-07-01,Lukas Brandt,Arktwerk,https://arktwerk.example,Konstanty Dorawa,konstanty@arktwerk.example,https://www.linkedin.com/in/konstanty-dorawa-demo,PL,Pre-Seed,2250000,Remote monitoring for mid-size clinics,Arktwerk: A platform that helps clinics monitor patients remotely and triage appointments. Raising 2.25m EUR (Pre-Seed).,,none
R0113,cold_email,2026-07-01,Jonas Weber,Havnpath,www.havnpath.example/,Carmen Gustafsson,carmen@havnpath.example,https://www.linkedin.com/in/carmen-gustafsson-demo,SE,Seed,3750000,Remote monitoring for independent clinics,Havnpath: A platform that helps clinics monitor patients remotely and triage appointments. Raising 3.75m EUR (Seed).,,none
R0114,linkedin,2026-07-01,Lea Hoffmann,Palloly,https://palloly.example,Erwin Heigl,erwin@palloly.example,https://www.linkedin.com/in/erwin-heigl-demo,AT,Seed,4500000,Remote monitoring for regional clinics,Palloly: A platform that helps clinics monitor patients remotely and triage appointments. Raising 4.50m EUR (Seed).,,none
R0115,website_form,2026-07-01,Emil Karlsson,Runemint Oy,,Onni Nissinen,onni@runemint.example,,FI,Seed,400000,Casual gaming for European players,Runemint: A gaming studio shipping casual mobile games with live-ops and in-app purchases. Raising 0.40m EUR (Seed).,,none
R0116,cold_email,2026-07-01,Jonas Weber,Vestastack,https://vestastack.example,Desiderio Saura Peiró,desiderio@vestastack.example,https://www.linkedin.com/in/desiderio-saura-peiró-demo,ES,Seed,4000000,Remote monitoring for fast-growing clinics,Vestastack: A platform that helps clinics monitor patients remotely and triage appointments. Raising 4.00m EUR (Seed).,,none
R0117,website_form,2026-07-02,Emil Karlsson,Isolane,https://isolane.example,Bernard Grégoire,bernard@isolane.example,https://www.linkedin.com/in/bernard-grégoire-demo,FR,Seed,2000000,Grid software for mid-size battery storage fleets,Isolane: Energy software that forecasts grid load and schedules battery storage to cut carbon. Raising 2.00m EUR (Seed).,,none
R0118,cold_email,2026-07-02,Astrid Holm,Lumonest,https://lumonest.example,Per-Thor Knutsen,per@lumonest.example,https://www.linkedin.com/in/per-thor-knutsen-demo,NO,Pre-Seed,1750000,Workflow SaaS for European construction firms,Lumonest: B2B SaaS that digitises site workflow and supply chain paperwork for construction and manufacturing. Raising 1.75m EUR (Pre-Seed).,,none
R0119,linkedin,2026-07-02,Jonas Weber,Lumoscope,https://lumoscope.example,Krzysztof Ryznar,krzysztof@lumoscope.example,https://www.linkedin.com/in/krzysztof-ryznar-demo,PL,Pre-Seed,4750000,Grid software for mid-size battery storage fleets,Lumoscope: Energy software that forecasts grid load and schedules battery storage to cut carbon. Raising 4.75m EUR (Pre-Seed).,,none
R0120,cold_email,2026-07-02,Jonas Weber,Vindstack,https://vindstack.example,Aylin Scharf,aylin@vindstack.example,https://www.linkedin.com/in/aylin-scharf-demo,AT,Series B,19000000,Autonomous robots for mid-size warehouses,Vindstack: We build warehouse robotics and machine vision that automate picking in mid-size factories. Raising 19.00m EUR (Series B).,,none
R0121,linkedin,2026-07-03,Lea Hoffmann,Isoyard,https://isoyard.example,Ali Oude Heer,ali@isoyard.example,https://www.linkedin.com/in/ali-oude-heer-demo,NL,Seed,3250000,Autonomous robots for mid-size warehouses,Isoyard: We build warehouse robotics and machine vision that automate picking in mid-size factories. Raising 3.25m EUR (Seed).,,none
R0122,cold_email,2026-07-03,Jonas Weber,Jordwise,https://jordwise.example,Burkard Heser B.Sc.,burkard@jordwise.example,https://www.linkedin.com/in/burkard-heser-bsc-demo,DE,Seed,2250000,Autonomous robots for regional warehouses,Jordwise: We build warehouse robotics and machine vision that automate picking in mid-size factories. Raising 2.25m EUR (Seed).,,none
R0123,cold_email,2026-07-03,Mette Lund,Ystadwise,https://ystadwise.example,pan Rafał Franik,pan@ystadwise.example,https://www.linkedin.com/in/pan-rafał-franik-demo,PL,Seed,1750000,Casual gaming for independent players,Ystadwise: A gaming studio shipping casual mobile games with live-ops and in-app purchases. Raising 1.75m EUR (Seed).,,none
R0124,website_form,2026-07-06,Emil Karlsson,Havnnest,https://havnnest.example,Dr. Drita Jenni,dr@havnnest.example,https://www.linkedin.com/in/dr-drita-jenni-demo,CH,Seed,7500000,Grid software for Nordic battery storage fleets,Havnnest: Energy software that forecasts grid load and schedules battery storage to cut carbon. Raising 7.50m EUR (Seed).,,none
R0125,website_form,2026-07-06,Lea Hoffmann,Jordly,https://jordly.example,Erling Gulbrandsen,erling@jordly.example,https://www.linkedin.com/in/erling-gulbrandsen-demo,NO,Series B,23000000,Remote monitoring for fast-growing clinics,Jordly: A platform that helps clinics monitor patients remotely and triage appointments. Raising 23.00m EUR (Series B).,,none
R0126,linkedin,2026-07-06,Astrid Holm,Tuvayard,https://tuvayard.example,Rosemary Harrison,rosemary@tuvayard.example,https://www.linkedin.com/in/rosemary-harrison-demo,GB,Seed,2000000,Autonomous robots for fast-growing warehouses,Tuvayard: We build warehouse robotics and machine vision that automate picking in mid-size factories. Raising 2.00m EUR (Seed).,,none
R0127,linkedin,2026-07-07,Emil Karlsson,Brimsense Ltd,,Eleanor Stephens,eleanor@brimsense.example,,IS,Seed,3000000,Remote monitoring for European clinics,Brimsense: A platform that helps clinics monitor patients remotely and triage appointments. Raising 3.00m EUR (Seed).,,none
R0128,cold_email,2026-07-07,Astrid Holm,Elvawise,https://elvawise.example,Miss Sarah Morgan,miss@elvawise.example,https://www.linkedin.com/in/miss-sarah-morgan-demo,IS,Pre-Seed,4000000,Remote monitoring for regional clinics,Elvawise: A platform that helps clinics monitor patients remotely and triage appointments. Raising 4.00m EUR (Pre-Seed).,,none
R0129,website_form,2026-07-07,Lea Hoffmann,Gruncell,https://gruncell.example,Heikki Laurila,heikki@gruncell.example,https://www.linkedin.com/in/heikki-laurila-demo,FI,Series B,22500000,A consumer app for mid-size commuters,Gruncell: A consumer mobile app that rewards commuters for greener travel choices. Raising 22.50m EUR (Series B).,,none
R0130,cold_email,2026-07-07,Mette Lund,Kraftpath,https://kraftpath.example,Marianna Przybyś,marianna@kraftpath.example,https://www.linkedin.com/in/marianna-przybyś-demo,PL,Pre-Seed,5000000,Grid software for independent battery storage fleets,Kraftpath: Energy software that forecasts grid load and schedules battery storage to cut carbon. Raising 5.00m EUR (Pre-Seed).,,none
R0131,website_form,2026-07-07,Emil Karlsson,Moskbyte,https://moskbyte.example,Octavio Montero Sala,octavio@moskbyte.example,https://www.linkedin.com/in/octavio-montero-sala-demo,ES,Seed,2250000,Autonomous robots for mid-size warehouses,Moskbyte: We build warehouse robotics and machine vision that automate picking in mid-size factories. Raising 2.25m EUR (Seed).,,none
R0132,linkedin,2026-07-07,Jonas Weber,Orkawise Ltd,,Francis Randall,francis@orkawise.example,,IS,Seed,3250000,Grid software for regional battery storage fleets,Orkawise: Energy software that forecasts grid load and schedules battery storage to cut carbon. Raising 3.25m EUR (Seed).,,none
R0133,cold_email,2026-07-07,Astrid Holm,Robotix,www.robotix.example/,Freja Lindqvist,freja@robotix.example,,DE,Seed,3500000,Autonomous picking robots for mid-size European warehouses,Robotix AI builds warehouse robotics: autonomous picking arms with machine vision that automate order picking in mid-size factories and logistics hubs. Raising 3.50m EUR (Seed).,,none
R0134,linkedin,2026-07-07,Lea Hoffmann,Strandwerk GmbH,,Paul Wiesinger,,,AT,Pre-Seed,3750000,Payments infrastructure for European merchants,Strandwerk: An API that lets merchants accept instant payments and reconcile invoices automatically. Raising 3.75m EUR (Pre-Seed).,,none
R0135,linkedin,2026-07-07,Lukas Brandt,Ystadly,https://ystadly.example,Aune Henriksson-Ojala,aune@ystadly.example,https://www.linkedin.com/in/aune-henriksson-ojala-demo,FI,Pre-Seed,8500000,Grid software for Nordic battery storage fleets,Ystadly: Energy software that forecasts grid load and schedules battery storage to cut carbon. Raising 8.50m EUR (Pre-Seed).,,none
R0136,website_form,2026-07-07,Lea Hoffmann,Ystadpath,https://ystadpath.example,Adam Mikkelsen-Overgaard,adam@ystadpath.example,https://www.linkedin.com/in/adam-mikkelsen-overgaard-demo,DK,Seed,8000000,Payments infrastructure for Nordic merchants,Ystadpath: An API that lets merchants accept instant payments and reconcile invoices automatically. Raising 8.00m EUR (Seed).,,none
R0137,cold_email,2026-07-07,Astrid Holm,Zinksense Oy,,Christian Ahonen,christian@zinksense.example,,FI,Seed,1750000,Remote monitoring for mid-size clinics,Zinksense: A platform that helps clinics monitor patients remotely and triage appointments. Raising 1.75m EUR (Seed).,,none
R0138,cold_email,2026-07-08,Jonas Weber,Brimsense,www.brimsense.example/,Eleanor Stephens,eleanor@brimsense.example,https://www.linkedin.com/in/eleanor-stephens-demo,IS,Seed,3000000,Remote monitoring for European clinics,Brimsense: A platform that helps clinics monitor patients remotely and triage appointments. Raising 3.00m EUR (Seed).,,none
R0139,linkedin,2026-07-08,Lukas Brandt,Norrgrid,https://norrgrid.example,Nadia Bucher,nadia@norrgrid.example,https://www.linkedin.com/in/nadia-bucher-demo,CH,Seed,2000000,Grid software for regional battery storage fleets,Norrgrid: Energy software that forecasts grid load and schedules battery storage to cut carbon. Raising 2.00m EUR (Seed).,,none
R0140,website_form,2026-07-08,Lea Hoffmann,Pallolane,https://pallolane.example,Univ.Prof. Ragnar Lauritsen,univprof@pallolane.example,https://www.linkedin.com/in/univprof-ragnar-lauritsen-demo,DK,Pre-Seed,400000,Remote monitoring for independent clinics,Pallolane: A platform that helps clinics monitor patients remotely and triage appointments. Raising 0.40m EUR (Pre-Seed).,,none
R0141,website_form,2026-07-08,Lea Hoffmann,Quernhub,https://quernhub.example,Heather Lewis,heather@quernhub.example,https://www.linkedin.com/in/heather-lewis-demo,IS,Series B,22000000,Payments infrastructure for European merchants,Quernhub: An API that lets merchants accept instant payments and reconcile invoices automatically. Raising 22.00m EUR (Series B).,,none
R0142,cold_email,2026-07-08,Jonas Weber,Robotix,robotix.example,Freja Lindqvist,freja@robotix.example,,DE,Seed,3500000,Autonomous picking robots for mid-size European warehouses,Robotix AI builds warehouse robotics: autonomous picking arms with machine vision that automate order picking in mid-size factories and logistics hubs. Raising 3.50m EUR (Seed).,,none
R0143,website_form,2026-07-09,Emil Karlsson,Fjordhub AS,,Ann-Tone Dahl,,,NO,Pre-Seed,5000000,Payments infrastructure for fast-growing merchants,Fjordhub: An API that lets merchants accept instant payments and reconcile invoices automatically. Raising 5.00m EUR (Pre-Seed).,,none
R0144,cold_email,2026-07-09,Mette Lund,Fjordsense,https://fjordsense.example,Melle Roessink,melle@fjordsense.example,https://www.linkedin.com/in/melle-roessink-demo,NL,Pre-Seed,2750000,Autonomous robots for independent warehouses,Fjordsense: We build warehouse robotics and machine vision that automate picking in mid-size factories. Raising 2.75m EUR (Pre-Seed).,,none
R0145,cold_email,2026-07-09,Mette Lund,Pallopath,https://pallopath.example,Uno Sjölin Eriksson,uno@pallopath.example,https://www.linkedin.com/in/uno-sjölin-eriksson-demo,SE,Seed,2750000,Casual gaming for fast-growing players,Pallopath: A gaming studio shipping casual mobile games with live-ops and in-app purchases. Raising 2.75m EUR (Seed).,,none
R0146,linkedin,2026-07-09,Sofie Nygaard,Strandsense,https://strandsense.example,Lene Haugland,lene@strandsense.example,https://www.linkedin.com/in/lene-haugland-demo,NO,Pre-Seed,2250000,Payments infrastructure for European merchants,Strandsense: An API that lets merchants accept instant payments and reconcile invoices automatically. Raising 2.25m EUR (Pre-Seed).,,none
R0147,linkedin,2026-07-10,Sofie Nygaard,Jordbit,https://jordbit.example,Alicia Jakobsson,alicia@jordbit.example,https://www.linkedin.com/in/alicia-jakobsson-demo,SE,Pre-Seed,2750000,Grid software for independent battery storage fleets,Jordbit: Energy software that forecasts grid load and schedules battery storage to cut carbon. Raising 2.75m EUR (Pre-Seed).,,none
R0148,linkedin,2026-07-10,Lukas Brandt,Kelohub,https://kelohub.example,Terese Davidsson,terese@kelohub.example,https://www.linkedin.com/in/terese-davidsson-demo,SE,Seed,4500000,Workflow SaaS for Nordic construction firms,Kelohub: B2B SaaS that digitises site workflow and supply chain paperwork for construction and manufacturing. Raising 4.50m EUR (Seed).,,none
R0149,website_form,2026-07-10,Lea Hoffmann,NORRSTACK,,Eerik Mäkinen,,linkedin.com/in/eerik-mäkinen-demo/,FI,Seed,4000000,Autonomous robots for mid-size warehouses,Norrstack: We build warehouse robotics and machine vision that automate picking in mid-size factories. Raising 4.00m EUR (Seed).,,none
R0150,website_form,2026-07-10,Emil Karlsson,Norrwerk,https://norrwerk.example,Kenneth Bakken,kenneth@norrwerk.example,https://www.linkedin.com/in/kenneth-bakken-demo,NO,Seed,1250000,Grid software for Nordic battery storage fleets,Norrwerk: Energy software that forecasts grid load and schedules battery storage to cut carbon. Raising 1.25m EUR (Seed).,,none
R0151,cold_email,2026-07-10,Jonas Weber,Tuvamint,https://tuvamint.example,Pertti Saarinen,pertti@tuvamint.example,https://www.linkedin.com/in/pertti-saarinen-demo,FI,Seed,2000000,Grid software for regional battery storage fleets,Tuvamint: Energy software that forecasts grid load and schedules battery storage to cut carbon. Raising 2.00m EUR (Seed).,,none
R0152,cold_email,2026-07-10,Astrid Holm,Tuvaware,https://tuvaware.example,Ilari Koivisto,ilari@tuvaware.example,https://www.linkedin.com/in/ilari-koivisto-demo,FI,Pre-Seed,3250000,Payments infrastructure for European merchants,Tuvaware: An API that lets merchants accept instant payments and reconcile invoices automatically. Raising 3.25m EUR (Pre-Seed).,,none
R0153,website_form,2026-07-10,Emil Karlsson,Zinkpath,https://zinkpath.example,Kalervo Ruotsalainen,kalervo@zinkpath.example,https://www.linkedin.com/in/kalervo-ruotsalainen-demo,FI,Series A,25000000,Casual gaming for European players,Zinkpath: A gaming studio shipping casual mobile games with live-ops and in-app purchases. Raising 25.00m EUR (Series A).,,none
R0154,cold_email,2026-07-13,Mette Lund,Birkyard,https://birkyard.example,Manuel Egger,manuel@birkyard.example,https://www.linkedin.com/in/manuel-egger-demo,CH,Seed,4250000,Workflow SaaS for mid-size construction firms,Birkyard: B2B SaaS that digitises site workflow and supply chain paperwork for construction and manufacturing. Raising 4.25m EUR (Seed).,,none
R0155,website_form,2026-07-13,Lea Hoffmann,Fjordnest,https://fjordnest.example,Matti Savolainen,matti@fjordnest.example,https://www.linkedin.com/in/matti-savolainen-demo,FI,Pre-Seed,2000000,Autonomous robots for regional warehouses,Fjordnest: We build warehouse robotics and machine vision that automate picking in mid-size factories. Raising 2.00m EUR (Pre-Seed).,,none
R0156,website_form,2026-07-13,Lea Hoffmann,Fjordware,https://fjordware.example,Maija Mäkinen,maija@fjordware.example,https://www.linkedin.com/in/maija-mäkinen-demo,FI,Pre-Seed,2000000,A consumer app for fast-growing commuters,Fjordware: A consumer mobile app that rewards commuters for greener travel choices. Raising 2.00m EUR (Pre-Seed).,,none
R0157,cold_email,2026-07-13,Jonas Weber,Isohub,https://isohub.example,Ize van den Brink,ize@isohub.example,https://www.linkedin.com/in/ize-van-den-brink-demo,NL,Seed,2500000,Workflow SaaS for fast-growing construction firms,Isohub: B2B SaaS that digitises site workflow and supply chain paperwork for construction and manufacturing. Raising 2.50m EUR (Seed).,,none
R0158,linkedin,2026-07-13,Mette Lund,Lumonest AS,,Per-Thor Knutsen,per@lumonest.example,,NO,Pre-Seed,1750000,Workflow SaaS for European construction firms,Lumonest: B2B SaaS that digitises site workflow and supply chain paperwork for construction and manufacturing. Raising 1.75m EUR (Pre-Seed).,,none
R0159,cold_email,2026-07-14,Mette Lund,Havnsense,https://havnsense.example,Stella Hjalmarsson,stella@havnsense.example,https://www.linkedin.com/in/stella-hjalmarsson-demo,SE,Seed,600000,Remote monitoring for fast-growing clinics,Havnsense: A platform that helps clinics monitor patients remotely and triage appointments. Raising 0.60m EUR (Seed).,,none
R0160,website_form,2026-07-14,Lea Hoffmann,Isowise,https://isowise.example,Jon Gulbrandsen,jon@isowise.example,https://www.linkedin.com/in/jon-gulbrandsen-demo,NO,Seed,1750000,Workflow SaaS for fast-growing construction firms,Isowise: B2B SaaS that digitises site workflow and supply chain paperwork for construction and manufacturing. Raising 1.75m EUR (Seed).,,none
R0161,cold_email,2026-07-14,Mette Lund,Nimbuwise,https://nimbuwise.example,Erkan Hoffmann,erkan@nimbuwise.example,https://www.linkedin.com/in/erkan-hoffmann-demo,CH,Seed,1250000,Autonomous robots for mid-size warehouses,Nimbuwise: We build warehouse robotics and machine vision that automate picking in mid-size factories. Raising 1.25m EUR (Seed).,,none
R0162,website_form,2026-07-14,Lea Hoffmann,Sollane,https://sollane.example,Alexandre-Matthieu Vidal,alexandre@sollane.example,https://www.linkedin.com/in/alexandre-matthieu-vidal-demo,FR,Pre-Seed,4500000,Workflow SaaS for independent construction firms,Sollane: B2B SaaS that digitises site workflow and supply chain paperwork for construction and manufacturing. Raising 4.50m EUR (Pre-Seed).,,none
R0163,linkedin,2026-07-15,Mette Lund,Brimyard,https://brimyard.example,Jane Begum,jane@brimyard.example,https://www.linkedin.com/in/jane-begum-demo,GB,Pre-Seed,2000000,Grid software for mid-size battery storage fleets,Brimyard: Energy software that forecasts grid load and schedules battery storage to cut carbon. Raising 2.00m EUR (Pre-Seed).,,none
R0164,website_form,2026-07-15,Emil Karlsson,Isonest,https://isonest.example,Sofie Andersen,sofie@isonest.example,https://www.linkedin.com/in/sofie-andersen-demo,DK,Pre-Seed,3500000,Workflow SaaS for Nordic construction firms,Isonest: B2B SaaS that digitises site workflow and supply chain paperwork for construction and manufacturing. Raising 3.50m EUR (Pre-Seed).,,none
R0165,website_form,2026-07-15,Lea Hoffmann,Kvistscope,https://kvistscope.example,Casper Rasmussen,casper@kvistscope.example,https://www.linkedin.com/in/casper-rasmussen-demo,DK,Seed,1500000,A consumer app for regional commuters,Kvistscope: A consumer mobile app that rewards commuters for greener travel choices. Raising 1.50m EUR (Seed).,,none
R0166,linkedin,2026-07-16,Jonas Weber,Arktwise Ltd,,George Norton,george@arktwise.example,,IS,Seed,5000000,Workflow SaaS for Nordic construction firms,Arktwise: B2B SaaS that digitises site workflow and supply chain paperwork for construction and manufacturing. Raising 5.00m EUR (Seed).,,none
R0167,website_form,2026-07-16,Lea Hoffmann,Brimsense Ltd,http://www.brimsense.example,Eleanor Stephens,eleanor@brimsense.example,https://www.linkedin.com/in/eleanor-stephens-demo,IS,Seed,3000000,Remote monitoring for European clinics,Brimsense: A platform that helps clinics monitor patients remotely and triage appointments. Raising 3.00m EUR (Seed).,,none
R0168,website_form,2026-07-16,Emil Karlsson,Elvayard,https://elvayard.example,Dr. Milan Hochleitner,dr@elvayard.example,https://www.linkedin.com/in/dr-milan-hochleitner-demo,AT,Seed,2750000,Workflow SaaS for fast-growing construction firms,Elvayard: B2B SaaS that digitises site workflow and supply chain paperwork for construction and manufacturing. Raising 2.75m EUR (Seed).,,none
R0169,cold_email,2026-07-16,Mette Lund,Keloware AS,keloware.example/about/,Simen-Roy Gundersen,simen@keloware.example,https://www.linkedin.com/in/simen-roy-gundersen-demo,NO,Pre-Seed,1750000,Workflow SaaS for mid-size construction firms,Keloware: B2B SaaS that digitises site workflow and supply chain paperwork for construction and manufacturing. Raising 1.75m EUR (Pre-Seed).,,none
R0170,linkedin,2026-07-16,Emil Karlsson,Lyngsense,https://lyngsense.example,Silas Madsen-Lauridsen,silas@lyngsense.example,https://www.linkedin.com/in/silas-madsen-lauridsen-demo,DK,Seed,2750000,Grid software for mid-size battery storage fleets,Lyngsense: Energy software that forecasts grid load and schedules battery storage to cut carbon. Raising 2.75m EUR (Seed).,,none
R0171,linkedin,2026-07-16,Lea Hoffmann,Orkawise Ltd,,Francis Randall,francis@orkawise.example,,IS,Seed,3250000,Grid software for regional battery storage fleets,Orkawise: Energy software that forecasts grid load and schedules battery storage to cut carbon. Raising 3.25m EUR (Seed).,,none
R0172,cold_email,2026-07-16,Astrid Holm,Tindrahub,https://tindrahub.example,Jonas Wiedner,jonas@tindrahub.example,https://www.linkedin.com/in/jonas-wiedner-demo,AT,Seed,300000,Grid software for mid-size battery storage fleets,Tindrahub: Energy software that forecasts grid load and schedules battery storage to cut carbon. Raising 0.30m EUR (Seed).,,none
R0173,website_form,2026-07-16,Emil Karlsson,Waldwise,https://waldwise.example,Alejandro Palomino Quiroga,alejandro@waldwise.example,https://www.linkedin.com/in/alejandro-palomino-quiroga-demo,ES,Seed,2000000,Remote monitoring for European clinics,Waldwise: A platform that helps clinics monitor patients remotely and triage appointments. Raising 2.00m EUR (Seed).,,none
R0174,cold_email,2026-07-17,Mette Lund,Kvistly,https://kvistly.example,Laura Christoffersen,laura@kvistly.example,https://www.linkedin.com/in/laura-christoffersen-demo,DK,Pre-Seed,4500000,Casual gaming for mid-size players,Kvistly: A gaming studio shipping casual mobile games with live-ops and in-app purchases. Raising 4.50m EUR (Pre-Seed).,,none
R0175,linkedin,2026-07-17,Sofie Nygaard,Orkahub,https://orkahub.example,Arja Timonen,arja@orkahub.example,https://www.linkedin.com/in/arja-timonen-demo,FI,Pre-Seed,1500000,Payments infrastructure for Nordic merchants,Orkahub: An API that lets merchants accept instant payments and reconcile invoices automatically. Raising 1.50m EUR (Pre-Seed).,,none
R0176,website_form,2026-07-17,Lea Hoffmann,Runewise,https://runewise.example,Miss Joan Ellis,miss@runewise.example,https://www.linkedin.com/in/miss-joan-ellis-demo,IS,Seed,4500000,Grid software for Nordic battery storage fleets,Runewise: Energy software that forecasts grid load and schedules battery storage to cut carbon. Raising 4.50m EUR (Seed).,,none
R0177,linkedin,2026-07-17,Jonas Weber,Waldnest AB,,Ivan Nilsson,ivan@waldnest.example,,SE,Seed,3000000,Grid software for Nordic battery storage fleets,Waldnest: Energy software that forecasts grid load and schedules battery storage to cut carbon. Raising 3.00m EUR (Seed).,,none
R0178,linkedin,2026-07-17,Lea Hoffmann,Zinkware,https://zinkware.example,Jenna Edwards,jenna@zinkware.example,https://www.linkedin.com/in/jenna-edwards-demo,IS,Pre-Seed,3250000,Payments infrastructure for European merchants,Zinkware: An API that lets merchants accept instant payments and reconcile invoices automatically. Raising 3.25m EUR (Pre-Seed).,,none
R0179,website_form,2026-07-20,Lea Hoffmann,HAVNPATH,,Carmen Gustafsson,,linkedin.com/in/carmen-gustafsson-demo/,SE,Seed,3750000,Remote monitoring for independent clinics,Havnpath: A platform that helps clinics monitor patients remotely and triage appointments. Raising 3.75m EUR (Seed).,,none
R0180,cold_email,2026-07-20,Jonas Weber,Kvistnest GmbH,,Tanja Heger-Breuer,tanja@kvistnest.example,,AT,Seed,1250000,Autonomous robots for independent warehouses,Kvistnest: We build warehouse robotics and machine vision that automate picking in mid-size factories. Raising 1.25m EUR (Seed).,,none
R0181,website_form,2026-07-20,Lea Hoffmann,Lyngflow,https://lyngflow.example,Dr Stanley Stevenson,dr@lyngflow.example,https://www.linkedin.com/in/dr-stanley-stevenson-demo,GB,Pre-Seed,4250000,Workflow SaaS for Nordic construction firms,Lyngflow: B2B SaaS that digitises site workflow and supply chain paperwork for construction and manufacturing. Raising 4.25m EUR (Pre-Seed).,,none
R0182,cold_email,2026-07-20,Jonas Weber,RUNEMINT,,Onni Nissinen,,linkedin.com/in/onni-nissinen-demo/,FI,Seed,400000,Casual gaming for European players,Runemint: A gaming studio shipping casual mobile games with live-ops and in-app purchases. Raising 0.40m EUR (Seed).,,none
R0183,cold_email,2026-07-20,Mette Lund,Tuvahub,https://tuvahub.example,Ville Heikkilä,ville@tuvahub.example,https://www.linkedin.com/in/ville-heikkilä-demo,FI,Series A,16000000,Autonomous robots for regional warehouses,Tuvahub: We build warehouse robotics and machine vision that automate picking in mid-size factories. Raising 16.00m EUR (Series A).,,none
R0184,linkedin,2026-07-20,Sofie Nygaard,Vestawerk,https://vestawerk.example,Johan Andersson-Johansson,johan@vestawerk.example,https://www.linkedin.com/in/johan-andersson-johansson-demo,SE,Seed,3250000,Autonomous robots for mid-size warehouses,Vestawerk: We build warehouse robotics and machine vision that automate picking in mid-size factories. Raising 3.25m EUR (Seed).,,none
R0185,website_form,2026-07-20,Emil Karlsson,Vindware,https://vindware.example,Sindre Holm,sindre@vindware.example,https://www.linkedin.com/in/sindre-holm-demo,NO,Pre-Seed,3250000,Grid software for fast-growing battery storage fleets,Vindware: Energy software that forecasts grid load and schedules battery storage to cut carbon. Raising 3.25m EUR (Pre-Seed).,,none
R0186,linkedin,2026-07-21,Lea Hoffmann,Norrware,https://norrware.example,Damian Duc,damian@norrware.example,https://www.linkedin.com/in/damian-duc-demo,PL,Pre-Seed,3000000,Autonomous robots for Nordic warehouses,Norrware: We build warehouse robotics and machine vision that automate picking in mid-size factories. Raising 3.00m EUR (Pre-Seed).,,none
R0187,website_form,2026-07-22,Emil Karlsson,Strandware,https://strandware.example,Kara Riley,kara@strandware.example,https://www.linkedin.com/in/kara-riley-demo,US,Pre-Seed,4750000,A consumer app for European commuters,Strandware: A consumer mobile app that rewards commuters for greener travel choices. Raising 4.75m EUR (Pre-Seed).,,none
R0188,website_form,2026-07-23,Lea Hoffmann,Birkwerk,birkwerk.example/about/,Valerie Turner,valerie@birkwerk.example,https://www.linkedin.com/in/valerie-turner-demo,GB,Pre-Seed,3500000,Payments infrastructure for Nordic merchants,Birkwerk: An API that lets merchants accept instant payments and reconcile invoices automatically. Raising 3.50m EUR (Pre-Seed).,,none
R0189,linkedin,2026-07-23,Lukas Brandt,Havncell,https://havncell.example,Mareike Gertz,mareike@havncell.example,https://www.linkedin.com/in/mareike-gertz-demo,DE,Pre-Seed,5000000,Grid software for Nordic battery storage fleets,Havncell: Energy software that forecasts grid load and schedules battery storage to cut carbon. Raising 5.00m EUR (Pre-Seed).,,none
R0190,website_form,2026-07-23,Emil Karlsson,Kraftbit,https://kraftbit.example,Univ.Prof. Mikael Steffensen,univprof@kraftbit.example,https://www.linkedin.com/in/univprof-mikael-steffensen-demo,DK,Pre-Seed,1500000,Grid software for Nordic battery storage fleets,Kraftbit: Energy software that forecasts grid load and schedules battery storage to cut carbon. Raising 1.50m EUR (Pre-Seed).,,none
R0191,linkedin,2026-07-23,Emil Karlsson,Nimbustack GmbH,,Ing. Rico Reuter,ing@nimbustack.example,,DE,Pre-Seed,1500000,Workflow SaaS for independent construction firms,Nimbustack: B2B SaaS that digitises site workflow and supply chain paperwork for construction and manufacturing. Raising 1.50m EUR (Pre-Seed).,,none
R0192,linkedin,2026-07-23,Emil Karlsson,Vestaforge,https://vestaforge.example,Sandra Cooper,sandra@vestaforge.example,https://www.linkedin.com/in/sandra-cooper-demo,US,Seed,1250000,Payments infrastructure for mid-size merchants,Vestaforge: An API that lets merchants accept instant payments and reconcile invoices automatically. Raising 1.25m EUR (Seed).,,none
R0193,website_form,2026-07-23,Lea Hoffmann,WALDNEST,,Ivan Nilsson,,linkedin.com/in/ivan-nilsson-demo/,SE,Seed,3000000,Grid software for Nordic battery storage fleets,Waldnest: Energy software that forecasts grid load and schedules battery storage to cut carbon. Raising 3.00m EUR (Seed).,,none
R0194,linkedin,2026-07-24,Emil Karlsson,TUVAWERK,,Sigurd Fredriksson,,linkedin.com/in/sigurd-fredriksson-demo/,SE,Series B,10500000,Grid software for fast-growing battery storage fleets,Tuvawerk: Energy software that forecasts grid load and schedules battery storage to cut carbon. Raising 10.50m EUR (Series B).,,none
R0195,linkedin,2026-07-27,Sofie Nygaard,Grunflow,https://grunflow.example,Fru Helle Thomsen,fru@grunflow.example,https://www.linkedin.com/in/fru-helle-thomsen-demo,DK,Series B,25000000,Grid software for European battery storage fleets,Grunflow: Energy software that forecasts grid load and schedules battery storage to cut carbon. Raising 25.00m EUR (Series B).,,none
R0196,linkedin,2026-07-27,Astrid Holm,Havnmint,https://havnmint.example,Prof. Annabelle Vogt,prof@havnmint.example,https://www.linkedin.com/in/prof-annabelle-vogt-demo,CH,Pre-Seed,6000000,Grid software for regional battery storage fleets,Havnmint: Energy software that forecasts grid load and schedules battery storage to cut carbon. Raising 6.00m EUR (Pre-Seed).,,none
R0197,linkedin,2026-07-27,Jonas Weber,KELOBIT,,Dr. Helene Kaiser,,linkedin.com/in/dr-helene-kaiser-demo/,AT,Series A,15000000,Autonomous robots for fast-growing warehouses,Kelobit: We build warehouse robotics and machine vision that automate picking in mid-size factories. Raising 15.00m EUR (Series A).,,none
R0198,website_form,2026-07-27,Emil Karlsson,Kvistscope ApS,,Casper Rasmussen,,,DK,Seed,1500000,A consumer app for regional commuters,Kvistscope: A consumer mobile app that rewards commuters for greener travel choices. Raising 1.50m EUR (Seed).,,none
R0199,cold_email,2026-07-27,Mette Lund,Moskscope,https://moskscope.example,Ms Natalie O'Neill,ms@moskscope.example,https://www.linkedin.com/in/ms-natalie-o'neill-demo,IS,Series A,11500000,A consumer app for independent commuters,Moskscope: A consumer mobile app that rewards commuters for greener travel choices. Raising 11.50m EUR (Series A).,,none
R0200,website_form,2026-07-27,Lea Hoffmann,Nimbubit,https://nimbubit.example,Prof. Einar Strand,prof@nimbubit.example,https://www.linkedin.com/in/prof-einar-strand-demo,NO,Seed,9000000,Grid software for European battery storage fleets,Nimbubit: Energy software that forecasts grid load and schedules battery storage to cut carbon. Raising 9.00m EUR (Seed).,,none
R0201,website_form,2026-07-27,Emil Karlsson,Quernnest,https://quernnest.example,Sebastian Ferrari,sebastian@quernnest.example,https://www.linkedin.com/in/sebastian-ferrari-demo,CH,Seed,4250000,Remote monitoring for European clinics,Quernnest: A platform that helps clinics monitor patients remotely and triage appointments. Raising 4.25m EUR (Seed).,,none
R0202,website_form,2026-07-27,Emil Karlsson,Tuvaloop,https://tuvaloop.example,Dr. Sahra Eder,dr@tuvaloop.example,https://www.linkedin.com/in/dr-sahra-eder-demo,AT,Pre-Seed,3500000,Autonomous robots for mid-size warehouses,Tuvaloop: We build warehouse robotics and machine vision that automate picking in mid-size factories. Raising 3.50m EUR (Pre-Seed).,,none
R0203,linkedin,2026-07-27,Lukas Brandt,Tuvasense,https://tuvasense.example,Robert Myhre,robert@tuvasense.example,https://www.linkedin.com/in/robert-myhre-demo,NO,Series B,18500000,Autonomous robots for mid-size warehouses,Tuvasense: We build warehouse robotics and machine vision that automate picking in mid-size factories. Raising 18.50m EUR (Series B).,,none
R0204,cold_email,2026-07-27,Mette Lund,Vestabyte,https://vestabyte.example,Tina Carlsen-Simonsen,tina@vestabyte.example,https://www.linkedin.com/in/tina-carlsen-simonsen-demo,DK,Series B,8000000,Grid software for regional battery storage fleets,Vestabyte: Energy software that forecasts grid load and schedules battery storage to cut carbon. Raising 8.00m EUR (Series B).,,none
R0205,website_form,2026-07-28,Emil Karlsson,Palloloop Ltd,,Artur Titov,,,EE,Pre-Seed,1750000,Autonomous robots for Nordic warehouses,Palloloop: We build warehouse robotics and machine vision that automate picking in mid-size factories. Raising 1.75m EUR (Pre-Seed).,,none
R0206,website_form,2026-07-28,Emil Karlsson,Ystadforge,https://ystadforge.example,Ulrika Saleh,ulrika@ystadforge.example,https://www.linkedin.com/in/ulrika-saleh-demo,SE,Pre-Seed,1250000,Workflow SaaS for mid-size construction firms,Ystadforge: B2B SaaS that digitises site workflow and supply chain paperwork for construction and manufacturing. Raising 1.25m EUR (Pre-Seed).,,none
R0207,cold_email,2026-07-29,Astrid Holm,Brimflow,https://brimflow.example,Antonietta Döhn,antonietta@brimflow.example,https://www.linkedin.com/in/antonietta-döhn-demo,DE,Seed,2250000,Grid software for Nordic battery storage fleets,Brimflow: Energy software that forecasts grid load and schedules battery storage to cut carbon. Raising 2.25m EUR (Seed).,,none
R0208,linkedin,2026-07-29,Sofie Nygaard,Solmint,https://solmint.example,Justus Kraxner,justus@solmint.example,https://www.linkedin.com/in/justus-kraxner-demo,AT,Seed,3000000,Remote monitoring for independent clinics,Solmint: A platform that helps clinics monitor patients remotely and triage appointments. Raising 3.00m EUR (Seed).,,none
R0209,website_form,2026-07-29,Emil Karlsson,Tuvastack,https://tuvastack.example,Vidar Vik,vidar@tuvastack.example,https://www.linkedin.com/in/vidar-vik-demo,NO,Series A,13500000,Autonomous robots for independent warehouses,Tuvastack: We build warehouse robotics and machine vision that automate picking in mid-size factories. Raising 13.50m EUR (Series A).,,none
R0210,website_form,2026-07-29,Emil Karlsson,Voltware,https://voltware.example,Frau Sara Suppan,frau@voltware.example,https://www.linkedin.com/in/frau-sara-suppan-demo,AT,Series B,20500000,Workflow SaaS for independent construction firms,Voltware: B2B SaaS that digitises site workflow and supply chain paperwork for construction and manufacturing. Raising 20.50m EUR (Series B).,,none
R0211,cold_email,2026-07-30,Jonas Weber,Arktyard,https://arktyard.example,Marian Baker,marian@arktyard.example,https://www.linkedin.com/in/marian-baker-demo,IS,Series B,22500000,Workflow SaaS for independent construction firms,Arktyard: B2B SaaS that digitises site workflow and supply chain paperwork for construction and manufacturing. Raising 22.50m EUR (Series B).,,none
R0212,linkedin,2026-07-30,Astrid Holm,Solly,https://solly.example,David Didier,david@solly.example,https://www.linkedin.com/in/david-didier-demo,FR,Seed,2000000,A consumer app for European commuters,Solly: A consumer mobile app that rewards commuters for greener travel choices. Raising 2.00m EUR (Seed).,,none
R0213,cold_email,2026-07-30,Astrid Holm,Tindraly,https://tindraly.example,Markus-Helge Pettersen,markus@tindraly.example,https://www.linkedin.com/in/markus-helge-pettersen-demo,NO,Pre-Seed,7000000,Payments infrastructure for regional merchants,Tindraly: An API that lets merchants accept instant payments and reconcile invoices automatically. Raising 7.00m EUR (Pre-Seed).,,none
R0214,website_form,2026-07-31,Lea Hoffmann,Ulvly,https://ulvly.example,Elsa Wulff,elsa@ulvly.example,https://www.linkedin.com/in/elsa-wulff-demo,DE,Seed,3500000,Autonomous robots for European warehouses,Ulvly: We build warehouse robotics and machine vision that automate picking in mid-size factories. Raising 3.50m EUR (Seed).,,none
R0215,linkedin,2026-07-31,Mette Lund,Ulvwerk,https://ulvwerk.example,Gemma Williams-Morgan,gemma@ulvwerk.example,https://www.linkedin.com/in/gemma-williams-morgan-demo,GB,Pre-Seed,4750000,Grid software for European battery storage fleets,Ulvwerk: Energy software that forecasts grid load and schedules battery storage to cut carbon. Raising 4.75m EUR (Pre-Seed).,,none
R0216,linkedin,2026-07-31,Lea Hoffmann,Vestawise,https://vestawise.example,Tammy Koch,tammy@vestawise.example,https://www.linkedin.com/in/tammy-koch-demo,DK,Series B,9500000,Casual gaming for fast-growing players,Vestawise: A gaming studio shipping casual mobile games with live-ops and in-app purchases. Raising 9.50m EUR (Series B).,,none
R0217,linkedin,2026-08-03,Sofie Nygaard,Fjordbit,https://fjordbit.example,Antonio Siegl,antonio@fjordbit.example,https://www.linkedin.com/in/antonio-siegl-demo,AT,Seed,1250000,Grid software for fast-growing battery storage fleets,Fjordbit: Energy software that forecasts grid load and schedules battery storage to cut carbon. Raising 1.25m EUR (Seed).,,none
R0218,linkedin,2026-08-03,Emil Karlsson,Fjordhub AS,,Ann-Tone Dahl,ann@fjordhub.example,,NO,Pre-Seed,5000000,Payments infrastructure for fast-growing merchants,Fjordhub: An API that lets merchants accept instant payments and reconcile invoices automatically. Raising 5.00m EUR (Pre-Seed).,,none
R0219,linkedin,2026-08-03,Mette Lund,Kelobit GmbH,kelobit.example/about/,Dr. Helene Kaiser,dr@kelobit.example,https://www.linkedin.com/in/dr-helene-kaiser-demo,AT,Series A,15000000,Autonomous robots for fast-growing warehouses,Kelobit: We build warehouse robotics and machine vision that automate picking in mid-size factories. Raising 15.00m EUR (Series A).,,none
R0220,cold_email,2026-08-03,Mette Lund,Tindragrid,https://tindragrid.example,Marcelle Gloor Stocker,marcelle@tindragrid.example,https://www.linkedin.com/in/marcelle-gloor-stocker-demo,CH,Pre-Seed,1250000,Workflow SaaS for independent construction firms,Tindragrid: B2B SaaS that digitises site workflow and supply chain paperwork for construction and manufacturing. Raising 1.25m EUR (Pre-Seed).,,none
R0221,cold_email,2026-08-03,Mette Lund,Zinkwerk,https://zinkwerk.example,Heraclio Gálvez Rocha,heraclio@zinkwerk.example,https://www.linkedin.com/in/heraclio-gálvez-rocha-demo,ES,Pre-Seed,3000000,Grid software for European battery storage fleets,Zinkwerk: Energy software that forecasts grid load and schedules battery storage to cut carbon. Raising 3.00m EUR (Pre-Seed).,,none
R0222,linkedin,2026-08-03,Emil Karlsson,Zinkyard,https://zinkyard.example,Marlene Bruun-Andresen,marlene@zinkyard.example,https://www.linkedin.com/in/marlene-bruun-andresen-demo,DK,Series A,12000000,Remote monitoring for fast-growing clinics,Zinkyard: A platform that helps clinics monitor patients remotely and triage appointments. Raising 12.00m EUR (Series A).,,none
R0223,cold_email,2026-08-04,Astrid Holm,Isoflow,https://isoflow.example,Holly Davies,holly@isoflow.example,https://www.linkedin.com/in/holly-davies-demo,IS,Seed,3250000,Autonomous robots for independent warehouses,Isoflow: We build warehouse robotics and machine vision that automate picking in mid-size factories. Raising 3.25m EUR (Seed).,,none
R0224,linkedin,2026-08-04,Astrid Holm,Nimbuhub,https://nimbuhub.example,Arsim Vogt,arsim@nimbuhub.example,https://www.linkedin.com/in/arsim-vogt-demo,CH,Series B,24500000,Workflow SaaS for Nordic construction firms,Nimbuhub: B2B SaaS that digitises site workflow and supply chain paperwork for construction and manufacturing. Raising 24.50m EUR (Series B).,,none
R0225,website_form,2026-08-04,Lea Hoffmann,Quernlane,https://quernlane.example,John Bergström,john@quernlane.example,https://www.linkedin.com/in/john-bergström-demo,SE,Series A,13000000,Payments infrastructure for mid-size merchants,Quernlane: An API that lets merchants accept instant payments and reconcile invoices automatically. Raising 13.00m EUR (Series A).,,none
R0226,website_form,2026-08-04,Emil Karlsson,Vindyard,https://vindyard.example,Mrs Charlene Donnelly,mrs@vindyard.example,https://www.linkedin.com/in/mrs-charlene-donnelly-demo,IS,Seed,2000000,Payments infrastructure for European merchants,Vindyard: An API that lets merchants accept instant payments and reconcile invoices automatically. Raising 2.00m EUR (Seed).,,none
R0227,linkedin,2026-08-04,Lukas Brandt,Voltbit,https://voltbit.example,Aurelio Höglinger-Dirnberger,aurelio@voltbit.example,https://www.linkedin.com/in/aurelio-höglinger-dirnberger-demo,AT,Series B,14500000,Remote monitoring for European clinics,Voltbit: A platform that helps clinics monitor patients remotely and triage appointments. Raising 14.50m EUR (Series B).,,none
R0228,website_form,2026-08-05,Lea Hoffmann,Keloforge AB,,Lars Dahl,lars@keloforge.example,,SE,Pre-Seed,4000000,Casual gaming for mid-size players,Keloforge: A gaming studio shipping casual mobile games with live-ops and in-app purchases. Raising 4.00m EUR (Pre-Seed).,,none
R0229,linkedin,2026-08-05,Emil Karlsson,Ystadbit,https://ystadbit.example,Julian Holl,julian@ystadbit.example,https://www.linkedin.com/in/julian-holl-demo,AT,Pre-Seed,7000000,Grid software for fast-growing battery storage fleets,Ystadbit: Energy software that forecasts grid load and schedules battery storage to cut carbon. Raising 7.00m EUR (Pre-Seed).,,none
R0230,cold_email,2026-08-06,Jonas Weber,Arktware,https://arktware.example,Håvard-Vidar Madsen,håvard@arktware.example,https://www.linkedin.com/in/håvard-vidar-madsen-demo,NO,Series B,6500000,Grid software for independent battery storage fleets,Arktware: Energy software that forecasts grid load and schedules battery storage to cut carbon. Raising 6.50m EUR (Series B).,,none
R0231,linkedin,2026-08-06,Emil Karlsson,ORKACELL,,Russell Parry,,linkedin.com/in/russell-parry-demo/,GB,Pre-Seed,1750000,Grid software for European battery storage fleets,Orkacell: Energy software that forecasts grid load and schedules battery storage to cut carbon. Raising 1.75m EUR (Pre-Seed).,,none
R0232,website_form,2026-08-06,Lea Hoffmann,Ulvsense,https://ulvsense.example,Alida Mülichen,alida@ulvsense.example,https://www.linkedin.com/in/alida-mülichen-demo,DE,Series B,24500000,Workflow SaaS for fast-growing construction firms,Ulvsense: B2B SaaS that digitises site workflow and supply chain paperwork for construction and manufacturing. Raising 24.50m EUR (Series B).,,none
R0233,website_form,2026-08-06,Emil Karlsson,Zinkhub,https://zinkhub.example,Hazel Bryan,hazel@zinkhub.example,https://www.linkedin.com/in/hazel-bryan-demo,IS,Seed,1750000,Workflow SaaS for European construction firms,Zinkhub: B2B SaaS that digitises site workflow and supply chain paperwork for construction and manufacturing. Raising 1.75m EUR (Seed).,,none
R0234,cold_email,2026-08-07,Astrid Holm,Pallohub,https://pallohub.example,Prof. Leontina Prinz,prof@pallohub.example,https://www.linkedin.com/in/prof-leontina-prinz-demo,AT,Seed,2500000,A consumer app for regional commuters,Pallohub: A consumer mobile app that rewards commuters for greener travel choices. Raising 2.50m EUR (Seed).,,none
R0235,linkedin,2026-08-07,Emil Karlsson,Ulvbyte ApS,,Annemette Jacobsen,annemette@ulvbyte.example,,DK,Series B,18500000,Autonomous robots for independent warehouses,Ulvbyte: We build warehouse robotics and machine vision that automate picking in mid-size factories. Raising 18.50m EUR (Series B).,,none
R0236,cold_email,2026-08-10,Jonas Weber,Brimgrid,https://brimgrid.example,Dr. Céline Wolf,dr@brimgrid.example,https://www.linkedin.com/in/dr-céline-wolf-demo,CH,Pre-Seed,2000000,Grid software for fast-growing battery storage fleets,Brimgrid: Energy software that forecasts grid load and schedules battery storage to cut carbon. Raising 2.00m EUR (Pre-Seed).,,none
R0237,linkedin,2026-08-10,Emil Karlsson,Isoforge,https://isoforge.example,Besart Studer,besart@isoforge.example,https://www.linkedin.com/in/besart-studer-demo,CH,Seed,2750000,Casual gaming for regional players,Isoforge: A gaming studio shipping casual mobile games with live-ops and in-app purchases. Raising 2.75m EUR (Seed).,,none
R0238,cold_email,2026-08-10,Astrid Holm,PALLOWARE,,Aurore Flückiger,,linkedin.com/in/aurore-flückiger-demo/,CH,Series A,24500000,A consumer app for mid-size commuters,Palloware: A consumer mobile app that rewards commuters for greener travel choices. Raising 24.50m EUR (Series A).,,none
R0239,website_form,2026-08-11,Emil Karlsson,ARKTWISE,,George Norton,,linkedin.com/in/george-norton-demo/,IS,Seed,5000000,Workflow SaaS for Nordic construction firms,Arktwise: B2B SaaS that digitises site workflow and supply chain paperwork for construction and manufacturing. Raising 5.00m EUR (Seed).,,none
R0240,website_form,2026-08-11,Lea Hoffmann,Arktstack,https://arktstack.example,Yannik Amrein,yannik@arktstack.example,https://www.linkedin.com/in/yannik-amrein-demo,CH,Series B,19500000,Payments infrastructure for mid-size merchants,Arktstack: An API that lets merchants accept instant payments and reconcile invoices automatically. Raising 19.50m EUR (Series B).,,none
R0241,cold_email,2026-08-11,Jonas Weber,Arktwise Ltd,,George Norton,george@arktwise.example,,IS,Seed,5000000,Workflow SaaS for Nordic construction firms,Arktwise: B2B SaaS that digitises site workflow and supply chain paperwork for construction and manufacturing. Raising 5.00m EUR (Seed).,,none
R0242,website_form,2026-08-11,Lea Hoffmann,Jordyard,https://jordyard.example,Théophile Jourdan,théophile@jordyard.example,https://www.linkedin.com/in/théophile-jourdan-demo,FR,Seed,5000000,Remote monitoring for regional clinics,Jordyard: A platform that helps clinics monitor patients remotely and triage appointments. Raising 5.00m EUR (Seed).,,none
R0243,linkedin,2026-08-11,Emil Karlsson,KVISTFLOW,,Stephen Watson,,linkedin.com/in/stephen-watson-demo/,US,Seed,4000000,Grid software for independent battery storage fleets,Kvistflow: Energy software that forecasts grid load and schedules battery storage to cut carbon. Raising 4.00m EUR (Seed).,,none
R0244,linkedin,2026-08-12,Mette Lund,Elvapath,https://elvapath.example,Univ.Prof. Willy Adler,univprof@elvapath.example,https://www.linkedin.com/in/univprof-willy-adler-demo,DE,Seed,4500000,Grid software for independent battery storage fleets,Elvapath: Energy software that forecasts grid load and schedules battery storage to cut carbon. Raising 4.50m EUR (Seed).,,none
R0245,website_form,2026-08-12,Lea Hoffmann,Lyngware,https://lyngware.example,Christopher Fuchs,christopher@lyngware.example,https://www.linkedin.com/in/christopher-fuchs-demo,AT,Seed,3500000,Remote monitoring for regional clinics,Lyngware: A platform that helps clinics monitor patients remotely and triage appointments. Raising 3.50m EUR (Seed).,,none
R0246,website_form,2026-08-12,Emil Karlsson,Mosklane,https://mosklane.example,Miriam Herzog Jost,miriam@mosklane.example,https://www.linkedin.com/in/miriam-herzog-jost-demo,CH,Seed,3500000,Grid software for regional battery storage fleets,Mosklane: Energy software that forecasts grid load and schedules battery storage to cut carbon. Raising 3.50m EUR (Seed).,,none
R0247,website_form,2026-08-12,Emil Karlsson,Tuvahub Oy,,Ville Heikkilä,,,FI,Series A,16000000,Autonomous robots for regional warehouses,Tuvahub: We build warehouse robotics and machine vision that automate picking in mid-size factories. Raising 16.00m EUR (Series A).,,none
R0248,cold_email,2026-08-13,Astrid Holm,Lumonest AS,lumonest.example/about/,Per-Thor Knutsen,per@lumonest.example,https://www.linkedin.com/in/per-thor-knutsen-demo,NO,Pre-Seed,1750000,Workflow SaaS for European construction firms,Lumonest: B2B SaaS that digitises site workflow and supply chain paperwork for construction and manufacturing. Raising 1.75m EUR (Pre-Seed).,,none
R0249,cold_email,2026-08-13,Mette Lund,Orkaware,https://orkaware.example,Sigurd Mikkelsen,sigurd@orkaware.example,https://www.linkedin.com/in/sigurd-mikkelsen-demo,NO,Series B,11500000,Grid software for fast-growing battery storage fleets,Orkaware: Energy software that forecasts grid load and schedules battery storage to cut carbon. Raising 11.50m EUR (Series B).,,none
R0250,cold_email,2026-08-14,Astrid Holm,Arktbit,https://arktbit.example,Antonia Simic,antonia@arktbit.example,https://www.linkedin.com/in/antonia-simic-demo,AT,Series B,8500000,Payments infrastructure for mid-size merchants,Arktbit: An API that lets merchants accept instant payments and reconcile invoices automatically. Raising 8.50m EUR (Series B).,,none
R0251,website_form,2026-08-14,Lea Hoffmann,Norrwise,https://norrwise.example,Svea Heuser B.Eng.,svea@norrwise.example,https://www.linkedin.com/in/svea-heuser-beng-demo,DE,Seed,2500000,Remote monitoring for regional clinics,Norrwise: A platform that helps clinics monitor patients remotely and triage appointments. Raising 2.50m EUR (Seed).,,none
R0252,website_form,2026-08-14,Lea Hoffmann,Tuvawerk AB,tuvawerk.example/about/,Sigurd Fredriksson,sigurd@tuvawerk.example,https://www.linkedin.com/in/sigurd-fredriksson-demo,SE,Series B,10500000,Grid software for fast-growing battery storage fleets,Tuvawerk: Energy software that forecasts grid load and schedules battery storage to cut carbon. Raising 10.50m EUR (Series B).,,none
R0253,linkedin,2026-08-14,Astrid Holm,Ystadware,https://ystadware.example,Susanna Emanuelsson-Lindholm,susanna@ystadware.example,https://www.linkedin.com/in/susanna-emanuelsson-lindholm-demo,SE,Seed,700000,Grid software for European battery storage fleets,Ystadware: Energy software that forecasts grid load and schedules battery storage to cut carbon. Raising 0.70m EUR (Seed).,,none
R0254,website_form,2026-08-18,Lea Hoffmann,Jordlane,https://jordlane.example,Lope Murcia Pozuelo,lope@jordlane.example,https://www.linkedin.com/in/lope-murcia-pozuelo-demo,ES,Seed,2000000,Payments infrastructure for European merchants,Jordlane: An API that lets merchants accept instant payments and reconcile invoices automatically. Raising 2.00m EUR (Seed).,,none
R0255,linkedin,2026-08-18,Sofie Nygaard,Kvistcell,https://kvistcell.example,Kenneth Kusch,kenneth@kvistcell.example,https://www.linkedin.com/in/kenneth-kusch-demo,DE,Seed,1250000,Payments infrastructure for fast-growing merchants,Kvistcell: An API that lets merchants accept instant payments and reconcile invoices automatically. Raising 1.25m EUR (Seed).,,none
R0256,warm_intro,2026-08-18,Mette Lund,RobotiX GmbH,,Freja Lindqvist,freja@robotix.example,,DE,Seed,3500000,Autonomous picking robots for mid-size European warehouses,Robotix AI builds warehouse robotics: autonomous picking arms with machine vision that automate order picking in mid-size factories and logistics hubs. Raising 3.50m EUR (Seed).,Hvidsten Family Office,LP
R0257,linkedin,2026-08-18,Astrid Holm,Strandwerk GmbH,http://www.strandwerk.example,Paul Wiesinger,paul@strandwerk.example,https://www.linkedin.com/in/paul-wiesinger-demo,AT,Pre-Seed,3750000,Payments infrastructure for European merchants,Strandwerk: An API that lets merchants accept instant payments and reconcile invoices automatically. Raising 3.75m EUR (Pre-Seed).,,none
R0258,linkedin,2026-08-19,Mette Lund,Havnly,https://havnly.example,Christina Norman,christina@havnly.example,https://www.linkedin.com/in/christina-norman-demo,US,Pre-Seed,2250000,Casual gaming for mid-size players,Havnly: A gaming studio shipping casual mobile games with live-ops and in-app purchases. Raising 2.25m EUR (Pre-Seed).,,none
R0259,website_form,2026-08-19,Lea Hoffmann,Jordwerk,https://jordwerk.example,Hannele Puranen,hannele@jordwerk.example,https://www.linkedin.com/in/hannele-puranen-demo,FI,Pre-Seed,2250000,Workflow SaaS for independent construction firms,Jordwerk: B2B SaaS that digitises site workflow and supply chain paperwork for construction and manufacturing. Raising 2.25m EUR (Pre-Seed).,,none
R0260,website_form,2026-08-19,Lea Hoffmann,Lumowerk,https://lumowerk.example,Erling Knutsen,erling@lumowerk.example,https://www.linkedin.com/in/erling-knutsen-demo,NO,Series B,9000000,Autonomous robots for European warehouses,Lumowerk: We build warehouse robotics and machine vision that automate picking in mid-size factories. Raising 9.00m EUR (Series B).,,none
R0261,website_form,2026-08-19,Lea Hoffmann,NORRSTACK,,Eerik Mäkinen,,linkedin.com/in/eerik-mäkinen-demo/,FI,Seed,4000000,Autonomous robots for mid-size warehouses,Norrstack: We build warehouse robotics and machine vision that automate picking in mid-size factories. Raising 4.00m EUR (Seed).,,none
R0262,website_form,2026-08-19,Emil Karlsson,Vestasense,https://vestasense.example,Hazel Brown,hazel@vestasense.example,https://www.linkedin.com/in/hazel-brown-demo,IS,Seed,2000000,Payments infrastructure for mid-size merchants,Vestasense: An API that lets merchants accept instant payments and reconcile invoices automatically. Raising 2.00m EUR (Seed).,,none
R0263,linkedin,2026-08-19,Sofie Nygaard,Vindlane,https://vindlane.example,Hans Lindell Karlsson,hans@vindlane.example,https://www.linkedin.com/in/hans-lindell-karlsson-demo,SE,Seed,500000,Payments infrastructure for independent merchants,Vindlane: An API that lets merchants accept instant payments and reconcile invoices automatically. Raising 0.50m EUR (Seed).,,none
R0264,linkedin,2026-08-20,Jonas Weber,Arktscope,https://arktscope.example,Clara Kirchmair,clara@arktscope.example,https://www.linkedin.com/in/clara-kirchmair-demo,AT,Seed,4250000,A consumer app for European commuters,Arktscope: A consumer mobile app that rewards commuters for greener travel choices. Raising 4.25m EUR (Seed).,,none
R0265,website_form,2026-08-20,Emil Karlsson,KELOBIT,,Dr. Helene Kaiser,,linkedin.com/in/dr-helene-kaiser-demo/,AT,Series A,15000000,Autonomous robots for fast-growing warehouses,Kelobit: We build warehouse robotics and machine vision that automate picking in mid-size factories. Raising 15.00m EUR (Series A).,,none
R0266,website_form,2026-08-20,Lea Hoffmann,Moskforge,https://moskforge.example,Mr Iain Morgan,mr@moskforge.example,https://www.linkedin.com/in/mr-iain-morgan-demo,IS,Seed,2500000,Autonomous robots for regional warehouses,Moskforge: We build warehouse robotics and machine vision that automate picking in mid-size factories. Raising 2.50m EUR (Seed).,,none
R0267,linkedin,2026-08-20,Sofie Nygaard,Waldsense,https://waldsense.example,Elisabeth Thor Sandberg,elisabeth@waldsense.example,https://www.linkedin.com/in/elisabeth-thor-sandberg-demo,SE,Seed,4500000,Grid software for independent battery storage fleets,Waldsense: Energy software that forecasts grid load and schedules battery storage to cut carbon. Raising 4.50m EUR (Seed).,,none
R0268,linkedin,2026-08-20,Lukas Brandt,ZINKSENSE,,Christian Ahonen,,linkedin.com/in/christian-ahonen-demo/,FI,Seed,1750000,Remote monitoring for mid-size clinics,Zinksense: A platform that helps clinics monitor patients remotely and triage appointments. Raising 1.75m EUR (Seed).,,none
R0269,linkedin,2026-08-21,Sofie Nygaard,Arktpath,https://arktpath.example,Ernst-Otto Röhrdanz,ernst@arktpath.example,https://www.linkedin.com/in/ernst-otto-röhrdanz-demo,DE,Seed,3750000,Payments infrastructure for European merchants,Arktpath: An API that lets merchants accept instant payments and reconcile invoices automatically. Raising 3.75m EUR (Seed).,,none
R0270,website_form,2026-08-21,Lea Hoffmann,Lumolane,https://lumolane.example,Loïs Feltzer,loïs@lumolane.example,https://www.linkedin.com/in/loïs-feltzer-demo,NL,Seed,2250000,Casual gaming for Nordic players,Lumolane: A gaming studio shipping casual mobile games with live-ops and in-app purchases. Raising 2.25m EUR (Seed).,,none
R0271,linkedin,2026-08-21,Sofie Nygaard,Moskwerk,https://moskwerk.example,Nicholas Deleon,nicholas@moskwerk.example,https://www.linkedin.com/in/nicholas-deleon-demo,US,Seed,4250000,Autonomous robots for regional warehouses,Moskwerk: We build warehouse robotics and machine vision that automate picking in mid-size factories. Raising 4.25m EUR (Seed).,,none
R0272,linkedin,2026-08-21,Mette Lund,Quernlane,www.quernlane.example/,John Bergström,john@quernlane.example,https://www.linkedin.com/in/john-bergström-demo,SE,Series A,13000000,Payments infrastructure for mid-size merchants,Quernlane: An API that lets merchants accept instant payments and reconcile invoices automatically. Raising 13.00m EUR (Series A).,,none
R0273,cold_email,2026-08-24,Mette Lund,Isogrid,https://isogrid.example,Luke Atkinson-Smith,luke@isogrid.example,https://www.linkedin.com/in/luke-atkinson-smith-demo,GB,Seed,3000000,Workflow SaaS for regional construction firms,Isogrid: B2B SaaS that digitises site workflow and supply chain paperwork for construction and manufacturing. Raising 3.00m EUR (Seed).,,none
R0274,website_form,2026-08-24,Emil Karlsson,Keloware AS,,Simen-Roy Gundersen,simen@keloware.example,,NO,Pre-Seed,1750000,Workflow SaaS for mid-size construction firms,Keloware: B2B SaaS that digitises site workflow and supply chain paperwork for construction and manufacturing. Raising 1.75m EUR (Pre-Seed).,,none
R0275,website_form,2026-08-24,Emil Karlsson,Kraftwerk,https://kraftwerk.example,Iben Kjeldsen,iben@kraftwerk.example,https://www.linkedin.com/in/iben-kjeldsen-demo,DK,Pre-Seed,3250000,Grid software for fast-growing battery storage fleets,Kraftwerk: Energy software that forecasts grid load and schedules battery storage to cut carbon. Raising 3.25m EUR (Pre-Seed).,,none
R0276,website_form,2026-08-25,Emil Karlsson,Kraftly,https://kraftly.example,Linn Aasen,linn@kraftly.example,https://www.linkedin.com/in/linn-aasen-demo,NO,Pre-Seed,1250000,Workflow SaaS for regional construction firms,Kraftly: B2B SaaS that digitises site workflow and supply chain paperwork for construction and manufacturing. Raising 1.25m EUR (Pre-Seed).,,none
R0277,cold_email,2026-08-25,Jonas Weber,Nimbuloop,https://nimbuloop.example,Åse Mathiasen,åse@nimbuloop.example,https://www.linkedin.com/in/åse-mathiasen-demo,DK,Pre-Seed,2750000,A consumer app for Nordic commuters,Nimbuloop: A consumer mobile app that rewards commuters for greener travel choices. Raising 2.75m EUR (Pre-Seed).,,none
R0278,linkedin,2026-08-25,Emil Karlsson,Nimbusense,https://nimbusense.example,Adrian Arvidsson,adrian@nimbusense.example,https://www.linkedin.com/in/adrian-arvidsson-demo,SE,Pre-Seed,2500000,Casual gaming for independent players,Nimbusense: A gaming studio shipping casual mobile games with live-ops and in-app purchases. Raising 2.50m EUR (Pre-Seed).,,none
R0279,website_form,2026-08-25,Emil Karlsson,Solstack,https://solstack.example,Aimé Marchal,aimé@solstack.example,https://www.linkedin.com/in/aimé-marchal-demo,FR,Pre-Seed,4750000,A consumer app for mid-size commuters,Solstack: A consumer mobile app that rewards commuters for greener travel choices. Raising 4.75m EUR (Pre-Seed).,,none
R0280,website_form,2026-08-25,Lea Hoffmann,Tindrayard,https://tindrayard.example,Jacob Cole MD,jacob@tindrayard.example,https://www.linkedin.com/in/jacob-cole-md-demo,US,Seed,3250000,Autonomous robots for European warehouses,Tindrayard: We build warehouse robotics and machine vision that automate picking in mid-size factories. Raising 3.25m EUR (Seed).,,none
R0281,cold_email,2026-08-25,Mette Lund,Waldhub,https://waldhub.example,Helene Dengg-Erber,helene@waldhub.example,https://www.linkedin.com/in/helene-dengg-erber-demo,AT,Pre-Seed,4500000,Grid software for regional battery storage fleets,Waldhub: Energy software that forecasts grid load and schedules battery storage to cut carbon. Raising 4.50m EUR (Pre-Seed).,,none
R0282,linkedin,2026-08-27,Sofie Nygaard,Kelolane,https://kelolane.example,Simen Hanssen,simen@kelolane.example,https://www.linkedin.com/in/simen-hanssen-demo,NO,Seed,1750000,Casual gaming for European players,Kelolane: A gaming studio shipping casual mobile games with live-ops and in-app purchases. Raising 1.75m EUR (Seed).,,none
R0283,linkedin,2026-08-27,Mette Lund,Kelowise AI,,Rune Eriksen,,,DK,Series B,9000000,Remote monitoring for regional clinics,Kelowise: A platform that helps clinics monitor patients remotely and triage appointments. Raising 9.00m EUR (Series B).,,none
R0284,website_form,2026-08-28,Emil Karlsson,Kelowerk,https://kelowerk.example,Abelone Rasmussen,abelone@kelowerk.example,https://www.linkedin.com/in/abelone-rasmussen-demo,DK,Pre-Seed,4000000,Casual gaming for Nordic players,Kelowerk: A gaming studio shipping casual mobile games with live-ops and in-app purchases. Raising 4.00m EUR (Pre-Seed).,,none
R0285,cold_email,2026-08-28,Mette Lund,Orkagrid AG,,Dr. Javier Gut,,,CH,Seed,3750000,Remote monitoring for regional clinics,Orkagrid: A platform that helps clinics monitor patients remotely and triage appointments. Raising 3.75m EUR (Seed).,,none
R0286,website_form,2026-08-28,Lea Hoffmann,Pallonest,https://pallonest.example,Sara Heinonen,sara@pallonest.example,https://www.linkedin.com/in/sara-heinonen-demo,FI,Seed,8500000,Autonomous robots for Nordic warehouses,Pallonest: We build warehouse robotics and machine vision that automate picking in mid-size factories. Raising 8.50m EUR (Seed).,,none
R0287,website_form,2026-08-31,Lea Hoffmann,KVISTSCOPE,,Casper Rasmussen,,linkedin.com/in/casper-rasmussen-demo/,DK,Seed,1500000,A consumer app for regional commuters,Kvistscope: A consumer mobile app that rewards commuters for greener travel choices. Raising 1.50m EUR (Seed).,,none
R0288,linkedin,2026-08-31,Astrid Holm,Kvistflow,www.kvistflow.example/,Stephen Watson,stephen@kvistflow.example,https://www.linkedin.com/in/stephen-watson-demo,US,Seed,4000000,Grid software for independent battery storage fleets,Kvistflow: Energy software that forecasts grid load and schedules battery storage to cut carbon. Raising 4.00m EUR (Seed).,,none
R0289,cold_email,2026-08-31,Astrid Holm,Solpath,https://solpath.example,Harold Mosemann,harold@solpath.example,https://www.linkedin.com/in/harold-mosemann-demo,DE,Seed,1250000,Grid software for Nordic battery storage fleets,Solpath: Energy software that forecasts grid load and schedules battery storage to cut carbon. Raising 1.25m EUR (Seed).,,none
R0290,cold_email,2026-09-01,Jonas Weber,Birkflow,https://birkflow.example,Valérie Lejeune,valérie@birkflow.example,https://www.linkedin.com/in/valérie-lejeune-demo,FR,Seed,1500000,Remote monitoring for regional clinics,Birkflow: A platform that helps clinics monitor patients remotely and triage appointments. Raising 1.50m EUR (Seed).,,none
R0291,linkedin,2026-09-01,Sofie Nygaard,Fjordhub AS,,Ann-Tone Dahl,ann@fjordhub.example,,NO,Pre-Seed,5000000,Payments infrastructure for fast-growing merchants,Fjordhub: An API that lets merchants accept instant payments and reconcile invoices automatically. Raising 5.00m EUR (Pre-Seed).,,none
R0292,cold_email,2026-09-01,Jonas Weber,Havnforge,https://havnforge.example,Kick Boddaugh,kick@havnforge.example,https://www.linkedin.com/in/kick-boddaugh-demo,NL,Pre-Seed,3750000,Autonomous robots for European warehouses,Havnforge: We build warehouse robotics and machine vision that automate picking in mid-size factories. Raising 3.75m EUR (Pre-Seed).,,none
R0293,cold_email,2026-09-01,Jonas Weber,Lumocell,https://lumocell.example,Adam Turner,adam@lumocell.example,https://www.linkedin.com/in/adam-turner-demo,IS,Seed,1750000,Autonomous robots for independent warehouses,Lumocell: We build warehouse robotics and machine vision that automate picking in mid-size factories. Raising 1.75m EUR (Seed).,,none
R0294,cold_email,2026-09-01,Jonas Weber,Lynggrid GmbH,,Herr Dierk Hesse MBA.,herr@lynggrid.example,,DE,Seed,3250000,Payments infrastructure for independent merchants,Lynggrid: An API that lets merchants accept instant payments and reconcile invoices automatically. Raising 3.25m EUR (Seed).,,none
R0295,website_form,2026-09-01,Lea Hoffmann,Ulvbit,https://ulvbit.example,Andreas-Kristoffer Martinsen,andreas@ulvbit.example,https://www.linkedin.com/in/andreas-kristoffer-martinsen-demo,NO,Seed,3500000,Workflow SaaS for Nordic construction firms,Ulvbit: B2B SaaS that digitises site workflow and supply chain paperwork for construction and manufacturing. Raising 3.50m EUR (Seed).,,none
R0296,cold_email,2026-09-01,Mette Lund,Waldpath,https://waldpath.example,Olivia Fröhlich,olivia@waldpath.example,https://www.linkedin.com/in/olivia-fröhlich-demo,AT,Pre-Seed,5000000,Remote monitoring for European clinics,Waldpath: A platform that helps clinics monitor patients remotely and triage appointments. Raising 5.00m EUR (Pre-Seed).,,none
R0297,website_form,2026-09-02,Emil Karlsson,Birksense,https://birksense.example,Univ.Prof. Christopher Riehl,univprof@birksense.example,https://www.linkedin.com/in/univprof-christopher-riehl-demo,DE,Seed,4250000,Workflow SaaS for regional construction firms,Birksense: B2B SaaS that digitises site workflow and supply chain paperwork for construction and manufacturing. Raising 4.25m EUR (Seed).,,none
R0298,cold_email,2026-09-02,Astrid Holm,Birkwerk,http://www.birkwerk.example,Valerie Turner,valerie@birkwerk.example,https://www.linkedin.com/in/valerie-turner-demo,GB,Pre-Seed,3500000,Payments infrastructure for Nordic merchants,Birkwerk: An API that lets merchants accept instant payments and reconcile invoices automatically. Raising 3.50m EUR (Pre-Seed).,,none
R0299,cold_email,2026-09-02,Mette Lund,Orkaly,https://orkaly.example,Lucy Burton-Lane,lucy@orkaly.example,https://www.linkedin.com/in/lucy-burton-lane-demo,IS,Seed,2250000,Autonomous robots for Nordic warehouses,Orkaly: We build warehouse robotics and machine vision that automate picking in mid-size factories. Raising 2.25m EUR (Seed).,,none
R0300,linkedin,2026-09-02,Astrid Holm,Solwerk AB,,Ludvig Gren,ludvig@solwerk.example,,SE,Pre-Seed,400000,A consumer app for fast-growing commuters,Solwerk: A consumer mobile app that rewards commuters for greener travel choices. Raising 0.40m EUR (Pre-Seed).,,none
R0301,cold_email,2026-09-03,Mette Lund,Kraftgrid,https://kraftgrid.example,Francisco Kohler,francisco@kraftgrid.example,https://www.linkedin.com/in/francisco-kohler-demo,CH,Seed,4750000,Autonomous robots for mid-size warehouses,Kraftgrid: We build warehouse robotics and machine vision that automate picking in mid-size factories. Raising 4.75m EUR (Seed).,,none
R0302,cold_email,2026-09-03,Jonas Weber,Krafthub,https://krafthub.example,Muhammad Fuchs,muhammad@krafthub.example,https://www.linkedin.com/in/muhammad-fuchs-demo,CH,Series A,11000000,Payments infrastructure for regional merchants,Krafthub: An API that lets merchants accept instant payments and reconcile invoices automatically. Raising 11.00m EUR (Series A).,,none
R0303,cold_email,2026-09-03,Jonas Weber,Norrloop,https://norrloop.example,Dr. Amalie Thygesen,dr@norrloop.example,https://www.linkedin.com/in/dr-amalie-thygesen-demo,DK,Pre-Seed,5000000,Grid software for Nordic battery storage fleets,Norrloop: Energy software that forecasts grid load and schedules battery storage to cut carbon. Raising 5.00m EUR (Pre-Seed).,,none
R0304,linkedin,2026-09-03,Sofie Nygaard,SOLWERK,,Ludvig Gren,,linkedin.com/in/ludvig-gren-demo/,SE,Pre-Seed,400000,A consumer app for fast-growing commuters,Solwerk: A consumer mobile app that rewards commuters for greener travel choices. Raising 0.40m EUR (Pre-Seed).,,none
R0305,cold_email,2026-09-04,Astrid Holm,KVISTFLOW,,Stephen Watson,,linkedin.com/in/stephen-watson-demo/,US,Seed,4000000,Grid software for independent battery storage fleets,Kvistflow: Energy software that forecasts grid load and schedules battery storage to cut carbon. Raising 4.00m EUR (Seed).,,none
R0306,linkedin,2026-09-04,Emil Karlsson,Kvistwerk,https://kvistwerk.example,Richard Jespersen,richard@kvistwerk.example,https://www.linkedin.com/in/richard-jespersen-demo,DK,Series B,13000000,Autonomous robots for Nordic warehouses,Kvistwerk: We build warehouse robotics and machine vision that automate picking in mid-size factories. Raising 13.00m EUR (Series B).,,none
R0307,linkedin,2026-09-04,Astrid Holm,Runescope,https://runescope.example,Peter Nicholson,peter@runescope.example,https://www.linkedin.com/in/peter-nicholson-demo,IS,Series B,19500000,Autonomous robots for mid-size warehouses,Runescope: We build warehouse robotics and machine vision that automate picking in mid-size factories. Raising 19.50m EUR (Series B).,,none
R0308,website_form,2026-09-04,Lea Hoffmann,TUVAHUB,,Ville Heikkilä,,linkedin.com/in/ville-heikkilä-demo/,FI,Series A,16000000,Autonomous robots for regional warehouses,Tuvahub: We build warehouse robotics and machine vision that automate picking in mid-size factories. Raising 16.00m EUR (Series A).,,none
R0309,cold_email,2026-09-04,Mette Lund,Tuvabit,https://tuvabit.example,Dr. David Hörl,dr@tuvabit.example,https://www.linkedin.com/in/dr-david-hörl-demo,AT,Seed,4000000,Autonomous robots for Nordic warehouses,Tuvabit: We build warehouse robotics and machine vision that automate picking in mid-size factories. Raising 4.00m EUR (Seed).,,none
R0310,linkedin,2026-09-04,Mette Lund,Waldwerk,https://waldwerk.example,Apostolos Höfig,apostolos@waldwerk.example,https://www.linkedin.com/in/apostolos-höfig-demo,DE,Seed,6500000,Casual gaming for independent players,Waldwerk: A gaming studio shipping casual mobile games with live-ops and in-app purchases. Raising 6.50m EUR (Seed).,,none
R0311,warm_intro,2026-09-08,Mette Lund,Brimnest,https://brimnest.example,Gareth Walsh,gareth@brimnest.example,https://www.linkedin.com/in/gareth-walsh-demo,IS,Series A,21000000,Remote monitoring for regional clinics,Brimnest: A platform that helps clinics monitor patients remotely and triage appointments. Raising 21.00m EUR (Series A).,Clara Neumann,angel
R0312,cold_email,2026-09-08,Astrid Holm,LUMOLANE,,Loïs Feltzer,,linkedin.com/in/loïs-feltzer-demo/,NL,Seed,2250000,Casual gaming for Nordic players,Lumolane: A gaming studio shipping casual mobile games with live-ops and in-app purchases. Raising 2.25m EUR (Seed).,,none
R0313,website_form,2026-09-08,Lea Hoffmann,Lumonest AS,,Per-Thor Knutsen,per@lumonest.example,,NO,Pre-Seed,1750000,Workflow SaaS for European construction firms,Lumonest: B2B SaaS that digitises site workflow and supply chain paperwork for construction and manufacturing. Raising 1.75m EUR (Pre-Seed).,,none
R0314,linkedin,2026-09-08,Astrid Holm,Nimbubit AS,,Prof. Einar Strand,prof@nimbubit.example,,NO,Seed,9000000,Grid software for European battery storage fleets,Nimbubit: Energy software that forecasts grid load and schedules battery storage to cut carbon. Raising 9.00m EUR (Seed).,,none
R0315,linkedin,2026-09-08,Lukas Brandt,Orkacell Ltd,www.orkacell.example/,Russell Parry,russell@orkacell.example,https://www.linkedin.com/in/russell-parry-demo,GB,Pre-Seed,1750000,Grid software for European battery storage fleets,Orkacell: Energy software that forecasts grid load and schedules battery storage to cut carbon. Raising 1.75m EUR (Pre-Seed).,,none
R0316,website_form,2026-09-08,Emil Karlsson,Waldwise AI,,Alejandro Palomino Quiroga,,,ES,Seed,2000000,Remote monitoring for European clinics,Waldwise: A platform that helps clinics monitor patients remotely and triage appointments. Raising 2.00m EUR (Seed).,,none
R0317,warm_intro,2026-09-09,Sofie Nygaard,Lumohub,https://lumohub.example,Douglas Doyle,douglas@lumohub.example,https://www.linkedin.com/in/douglas-doyle-demo,IS,Pre-Seed,2500000,Workflow SaaS for Nordic construction firms,Lumohub: B2B SaaS that digitises site workflow and supply chain paperwork for construction and manufacturing. Raising 2.50m EUR (Pre-Seed).,Ida Rasmussen (Loopfin),portfolio_founder
R0318,linkedin,2026-09-09,Jonas Weber,Lynghub,https://lynghub.example,Urszula Rogner,urszula@lynghub.example,https://www.linkedin.com/in/urszula-rogner-demo,DE,Pre-Seed,1500000,Grid software for independent battery storage fleets,Lynghub: Energy software that forecasts grid load and schedules battery storage to cut carbon. Raising 1.50m EUR (Pre-Seed).,,none
R0319,website_form,2026-09-10,Emil Karlsson,Isomint,https://isomint.example,Mara Postl,mara@isomint.example,https://www.linkedin.com/in/mara-postl-demo,AT,Pre-Seed,4750000,Casual gaming for independent players,Isomint: A gaming studio shipping casual mobile games with live-ops and in-app purchases. Raising 4.75m EUR (Pre-Seed).,,none
R0320,linkedin,2026-09-10,Mette Lund,Lumoflow ApS,,Mathias Andreasen,mathias@lumoflow.example,,DK,Series A,20500000,A consumer app for European commuters,Lumoflow: A consumer mobile app that rewards commuters for greener travel choices. Raising 20.50m EUR (Series A).,,none
R0321,linkedin,2026-09-10,Emil Karlsson,Lumowise,https://lumowise.example,Inga Mathiasen-Bruun,inga@lumowise.example,https://www.linkedin.com/in/inga-mathiasen-bruun-demo,DK,Seed,5000000,Workflow SaaS for Nordic construction firms,Lumowise: B2B SaaS that digitises site workflow and supply chain paperwork for construction and manufacturing. Raising 5.00m EUR (Seed).,,none
R0322,cold_email,2026-09-10,Astrid Holm,Lyngwise,https://lyngwise.example,Idun Gustafsson,idun@lyngwise.example,https://www.linkedin.com/in/idun-gustafsson-demo,SE,Pre-Seed,900000,Grid software for mid-size battery storage fleets,Lyngwise: Energy software that forecasts grid load and schedules battery storage to cut carbon. Raising 0.90m EUR (Pre-Seed).,,none
R0323,cold_email,2026-09-10,Mette Lund,MOSKWISE,,Danilo Kellner,,linkedin.com/in/danilo-kellner-demo/,AT,Seed,2000000,Casual gaming for independent players,Moskwise: A gaming studio shipping casual mobile games with live-ops and in-app purchases. Raising 2.00m EUR (Seed).,,none
R0324,warm_intro,2026-09-10,Lukas Brandt,Orkawerk,https://orkawerk.example,Kirstine Simonsen,kirstine@orkawerk.example,https://www.linkedin.com/in/kirstine-simonsen-demo,DK,Seed,6500000,Autonomous robots for European warehouses,Orkawerk: We build warehouse robotics and machine vision that automate picking in mid-size factories. Raising 6.50m EUR (Seed).,Henrik Bjerre,angel
R0325,linkedin,2026-09-10,Astrid Holm,Voltscope,https://voltscope.example,Nuno Kägi,nuno@voltscope.example,https://www.linkedin.com/in/nuno-kägi-demo,CH,Seed,1250000,Workflow SaaS for fast-growing construction firms,Voltscope: B2B SaaS that digitises site workflow and supply chain paperwork for construction and manufacturing. Raising 1.25m EUR (Seed).,,none
R0326,website_form,2026-09-10,Emil Karlsson,Ystadyard,https://ystadyard.example,Maryam de Keijzer,maryam@ystadyard.example,https://www.linkedin.com/in/maryam-de-keijzer-demo,NL,Pre-Seed,4750000,Casual gaming for Nordic players,Ystadyard: A gaming studio shipping casual mobile games with live-ops and in-app purchases. Raising 4.75m EUR (Pre-Seed).,,none
R0327,cold_email,2026-09-11,Mette Lund,Brimly,https://brimly.example,Jorge Girschner,jorge@brimly.example,https://www.linkedin.com/in/jorge-girschner-demo,DE,Seed,3500000,Remote monitoring for independent clinics,Brimly: A platform that helps clinics monitor patients remotely and triage appointments. Raising 3.50m EUR (Seed).,,none
R0328,warm_intro,2026-09-11,Lukas Brandt,Havnbyte,https://havnbyte.example,Dr. Jacobine Bech,dr@havnbyte.example,https://www.linkedin.com/in/dr-jacobine-bech-demo,DK,Seed,2750000,Payments infrastructure for fast-growing merchants,Havnbyte: An API that lets merchants accept instant payments and reconcile invoices automatically. Raising 2.75m EUR (Seed).,Kvarnbo Pension Fund,LP
R0329,website_form,2026-09-11,Lea Hoffmann,Kraftscope,https://kraftscope.example,Kristian Niemi-Nyman,kristian@kraftscope.example,https://www.linkedin.com/in/kristian-niemi-nyman-demo,FI,Pre-Seed,1500000,Payments infrastructure for regional merchants,Kraftscope: An API that lets merchants accept instant payments and reconcile invoices automatically. Raising 1.50m EUR (Pre-Seed).,,none
R0330,cold_email,2026-09-11,Mette Lund,Orkaforge,https://orkaforge.example,Dr. Milan Bichler,dr@orkaforge.example,https://www.linkedin.com/in/dr-milan-bichler-demo,AT,Series B,7500000,Workflow SaaS for Nordic construction firms,Orkaforge: B2B SaaS that digitises site workflow and supply chain paperwork for construction and manufacturing. Raising 7.50m EUR (Series B).,,none
R0331,cold_email,2026-09-11,Jonas Weber,Palloloop Ltd,palloloop.example/about/,Artur Titov,artur@palloloop.example,https://www.linkedin.com/in/artur-titov-demo,EE,Pre-Seed,1750000,Autonomous robots for Nordic warehouses,Palloloop: We build warehouse robotics and machine vision that automate picking in mid-size factories. Raising 1.75m EUR (Pre-Seed).,,none
R0332,cold_email,2026-09-14,Mette Lund,Birklane,https://birklane.example,Peter Aschauer,peter@birklane.example,https://www.linkedin.com/in/peter-aschauer-demo,AT,Seed,3500000,A consumer app for regional commuters,Birklane: A consumer mobile app that rewards commuters for greener travel choices. Raising 3.50m EUR (Seed).,,none
R0333,linkedin,2026-09-14,Mette Lund,Havnwise,https://havnwise.example,Dr Sian Parker,dr@havnwise.example,https://www.linkedin.com/in/dr-sian-parker-demo,IS,Seed,3750000,Payments infrastructure for fast-growing merchants,Havnwise: An API that lets merchants accept instant payments and reconcile invoices automatically. Raising 3.75m EUR (Seed).,,none
R0334,linkedin,2026-09-14,Emil Karlsson,Jordyard Ltd,,Théophile Jourdan,théophile@jordyard.example,,FR,Seed,5000000,Remote monitoring for regional clinics,Jordyard: A platform that helps clinics monitor patients remotely and triage appointments. Raising 5.00m EUR (Seed).,,none
R0335,warm_intro,2026-09-14,Jonas Weber,Strandbit,https://strandbit.example,Julia Gromov,julia@strandbit.example,https://www.linkedin.com/in/julia-gromov-demo,EE,Pre-Seed,4500000,Grid software for Nordic battery storage fleets,Strandbit: Energy software that forecasts grid load and schedules battery storage to cut carbon. Raising 4.50m EUR (Pre-Seed).,Henrik Bjerre,angel
R0336,website_form,2026-09-14,Emil Karlsson,Waldwise Ltd,,Alejandro Palomino Quiroga,alejandro@waldwise.example,,ES,Seed,2000000,Remote monitoring for European clinics,Waldwise: A platform that helps clinics monitor patients remotely and triage appointments. Raising 2.00m EUR (Seed).,,none
R0337,cold_email,2026-09-15,Mette Lund,JORDYARD,,Théophile Jourdan,,linkedin.com/in/théophile-jourdan-demo/,FR,Seed,5000000,Remote monitoring for regional clinics,Jordyard: A platform that helps clinics monitor patients remotely and triage appointments. Raising 5.00m EUR (Seed).,,none
R0338,warm_intro,2026-09-15,Lukas Brandt,Kelogrid,https://kelogrid.example,Danique Potters,danique@kelogrid.example,https://www.linkedin.com/in/danique-potters-demo,NL,Seed,2250000,Grid software for independent battery storage fleets,Kelogrid: Energy software that forecasts grid load and schedules battery storage to cut carbon. Raising 2.25m EUR (Seed).,Matteo Graf (Pallettro),portfolio_founder
R0339,cold_email,2026-09-15,Jonas Weber,Kelonest,https://kelonest.example,Borris Christensen,borris@kelonest.example,https://www.linkedin.com/in/borris-christensen-demo,DK,Series A,22500000,Grid software for fast-growing battery storage fleets,Kelonest: Energy software that forecasts grid load and schedules battery storage to cut carbon. Raising 22.50m EUR (Series A).,,none
R0340,cold_email,2026-09-15,Jonas Weber,Lyngly,https://lyngly.example,Nils Kummer,nils@lyngly.example,https://www.linkedin.com/in/nils-kummer-demo,AT,Series A,24500000,Grid software for independent battery storage fleets,Lyngly: Energy software that forecasts grid load and schedules battery storage to cut carbon. Raising 24.50m EUR (Series A).,,none
R0341,warm_intro,2026-09-15,Mette Lund,Strandcell,https://strandcell.example,Sylvana Benthin-Henk,sylvana@strandcell.example,https://www.linkedin.com/in/sylvana-benthin-henk-demo,DE,Seed,4750000,Casual gaming for independent players,Strandcell: A gaming studio shipping casual mobile games with live-ops and in-app purchases. Raising 4.75m EUR (Seed).,Kvarnbo Pension Fund,LP
R0342,cold_email,2026-09-15,Astrid Holm,Waldforge,https://waldforge.example,Anders Andersson,anders@waldforge.example,https://www.linkedin.com/in/anders-andersson-demo,SE,Seed,1500000,A consumer app for European commuters,Waldforge: A consumer mobile app that rewards commuters for greener travel choices. Raising 1.50m EUR (Seed).,,none
R0343,cold_email,2026-09-15,Mette Lund,Waldware,https://waldware.example,Andy Steiger,andy@waldware.example,https://www.linkedin.com/in/andy-steiger-demo,CH,Pre-Seed,3000000,Grid software for independent battery storage fleets,Waldware: Energy software that forecasts grid load and schedules battery storage to cut carbon. Raising 3.00m EUR (Pre-Seed).,,none
R0344,cold_email,2026-09-16,Jonas Weber,Jordwise GmbH,,Burkard Heser B.Sc.,burkard@jordwise.example,,DE,Seed,2250000,Autonomous robots for regional warehouses,Jordwise: We build warehouse robotics and machine vision that automate picking in mid-size factories. Raising 2.25m EUR (Seed).,,none
R0345,cold_email,2026-09-16,Jonas Weber,Lumolane Ltd,,Loïs Feltzer,loïs@lumolane.example,,NL,Seed,2250000,Casual gaming for Nordic players,Lumolane: A gaming studio shipping casual mobile games with live-ops and in-app purchases. Raising 2.25m EUR (Seed).,,none
R0346,cold_email,2026-09-16,Mette Lund,Runecell,https://runecell.example,Ross Higgins,ross@runecell.example,https://www.linkedin.com/in/ross-higgins-demo,IS,Series A,17000000,Grid software for regional battery storage fleets,Runecell: Energy software that forecasts grid load and schedules battery storage to cut carbon. Raising 17.00m EUR (Series A).,,none
R0347,linkedin,2026-09-16,Mette Lund,Solcell,https://solcell.example,Prof. Kirstine Friis,prof@solcell.example,https://www.linkedin.com/in/prof-kirstine-friis-demo,DK,Seed,5000000,Workflow SaaS for fast-growing construction firms,Solcell: B2B SaaS that digitises site workflow and supply chain paperwork for construction and manufacturing. Raising 5.00m EUR (Seed).,,none
R0348,linkedin,2026-09-16,Lukas Brandt,Tindraflow,https://tindraflow.example,Christian Olofsson,christian@tindraflow.example,https://www.linkedin.com/in/christian-olofsson-demo,SE,Seed,3500000,Remote monitoring for regional clinics,Tindraflow: A platform that helps clinics monitor patients remotely and triage appointments. Raising 3.50m EUR (Seed).,,none
R0349,linkedin,2026-09-16,Jonas Weber,Ulvbyte ApS,,Annemette Jacobsen,annemette@ulvbyte.example,,DK,Series B,18500000,Autonomous robots for independent warehouses,Ulvbyte: We build warehouse robotics and machine vision that automate picking in mid-size factories. Raising 18.50m EUR (Series B).,,none
R0350,cold_email,2026-09-16,Jonas Weber,Vestahub,https://vestahub.example,Ryan Lutz,ryan@vestahub.example,https://www.linkedin.com/in/ryan-lutz-demo,CH,Series B,14500000,Remote monitoring for Nordic clinics,Vestahub: A platform that helps clinics monitor patients remotely and triage appointments. Raising 14.50m EUR (Series B).,,none
R0351,website_form,2026-09-17,Emil Karlsson,Lumobyte,https://lumobyte.example,Kristina Söderberg,kristina@lumobyte.example,https://www.linkedin.com/in/kristina-söderberg-demo,SE,Seed,1750000,Payments infrastructure for mid-size merchants,Lumobyte: An API that lets merchants accept instant payments and reconcile invoices automatically. Raising 1.75m EUR (Seed).,,none
R0352,cold_email,2026-09-17,Jonas Weber,Lyngstack,https://lyngstack.example,Antony John,antony@lyngstack.example,https://www.linkedin.com/in/antony-john-demo,GB,Pre-Seed,4250000,Payments infrastructure for regional merchants,Lyngstack: An API that lets merchants accept instant payments and reconcile invoices automatically. Raising 4.25m EUR (Pre-Seed).,,none
R0353,cold_email,2026-09-17,Mette Lund,Nimbustack GmbH,,Ing. Rico Reuter,ing@nimbustack.example,,DE,Pre-Seed,1500000,Workflow SaaS for independent construction firms,Nimbustack: B2B SaaS that digitises site workflow and supply chain paperwork for construction and manufacturing. Raising 1.50m EUR (Pre-Seed).,,none
R0354,website_form,2026-09-17,Lea Hoffmann,Norrstack Oy,,Eerik Mäkinen,eerik@norrstack.example,,FI,Seed,4000000,Autonomous robots for mid-size warehouses,Norrstack: We build warehouse robotics and machine vision that automate picking in mid-size factories. Raising 4.00m EUR (Seed).,,none
R0355,cold_email,2026-09-17,Mette Lund,Voltmint,https://voltmint.example,Prof. Emily Steffensen,prof@voltmint.example,https://www.linkedin.com/in/prof-emily-steffensen-demo,DK,Series B,14500000,Grid software for fast-growing battery storage fleets,Voltmint: Energy software that forecasts grid load and schedules battery storage to cut carbon. Raising 14.50m EUR (Series B).,,none
R0356,linkedin,2026-09-18,Lukas Brandt,Jordwise GmbH,www.jordwise.example/,Burkard Heser B.Sc.,burkard@jordwise.example,https://www.linkedin.com/in/burkard-heser-bsc-demo,DE,Seed,2250000,Autonomous robots for regional warehouses,Jordwise: We build warehouse robotics and machine vision that automate picking in mid-size factories. Raising 2.25m EUR (Seed).,,none
R0357,cold_email,2026-09-18,Astrid Holm,PALLOLOOP,,Artur Titov,,linkedin.com/in/artur-titov-demo/,EE,Pre-Seed,1750000,Autonomous robots for Nordic warehouses,Palloloop: We build warehouse robotics and machine vision that automate picking in mid-size factories. Raising 1.75m EUR (Pre-Seed).,,none
R0358,linkedin,2026-09-18,Emil Karlsson,Strandforge,https://strandforge.example,Irene Kemp,irene@strandforge.example,https://www.linkedin.com/in/irene-kemp-demo,IS,Pre-Seed,2500000,Workflow SaaS for independent construction firms,Strandforge: B2B SaaS that digitises site workflow and supply chain paperwork for construction and manufacturing. Raising 2.50m EUR (Pre-Seed).,,none
R0359,linkedin,2026-09-18,Sofie Nygaard,Tuvalane,https://tuvalane.example,Jekaterina Kotov,jekaterina@tuvalane.example,https://www.linkedin.com/in/jekaterina-kotov-demo,EE,Seed,4250000,Casual gaming for Nordic players,Tuvalane: A gaming studio shipping casual mobile games with live-ops and in-app purchases. Raising 4.25m EUR (Seed).,,none
R0360,cold_email,2026-09-21,Astrid Holm,Birkgrid,https://birkgrid.example,Marit Jenssen,marit@birkgrid.example,https://www.linkedin.com/in/marit-jenssen-demo,NO,Seed,1500000,Autonomous robots for European warehouses,Birkgrid: We build warehouse robotics and machine vision that automate picking in mid-size factories. Raising 1.50m EUR (Seed).,,none
R0361,linkedin,2026-09-21,Mette Lund,Kelowise ApS,www.kelowise.example/,Rune Eriksen,rune@kelowise.example,https://www.linkedin.com/in/rune-eriksen-demo,DK,Series B,9000000,Remote monitoring for regional clinics,Kelowise: A platform that helps clinics monitor patients remotely and triage appointments. Raising 9.00m EUR (Series B).,,none
R0362,cold_email,2026-09-21,Astrid Holm,Kvistpath,https://kvistpath.example,Diego Walter,diego@kvistpath.example,https://www.linkedin.com/in/diego-walter-demo,CH,Pre-Seed,600000,Autonomous robots for fast-growing warehouses,Kvistpath: We build warehouse robotics and machine vision that automate picking in mid-size factories. Raising 0.60m EUR (Pre-Seed).,,none
R0363,linkedin,2026-09-21,Sofie Nygaard,Norrhub,https://norrhub.example,Albina Wirth-Schoch,albina@norrhub.example,https://www.linkedin.com/in/albina-wirth-schoch-demo,CH,Seed,3500000,Autonomous robots for regional warehouses,Norrhub: We build warehouse robotics and machine vision that automate picking in mid-size factories. Raising 3.50m EUR (Seed).,,none
R0364,linkedin,2026-09-22,Lea Hoffmann,Moskgrid,https://moskgrid.example,Esko Hakala-Nissinen,esko@moskgrid.example,https://www.linkedin.com/in/esko-hakala-nissinen-demo,FI,Seed,1250000,Grid software for mid-size battery storage fleets,Moskgrid: Energy software that forecasts grid load and schedules battery storage to cut carbon. Raising 1.25m EUR (Seed).,,none
R0365,cold_email,2026-09-22,Jonas Weber,Norrforge,https://norrforge.example,Petri Hytönen,petri@norrforge.example,https://www.linkedin.com/in/petri-hytönen-demo,FI,Series B,15500000,A consumer app for mid-size commuters,Norrforge: A consumer mobile app that rewards commuters for greener travel choices. Raising 15.50m EUR (Series B).,,none
R0366,cold_email,2026-09-22,Astrid Holm,Orkagrid,orkagrid.example/about/,Dr. Javier Gut,dr@orkagrid.example,https://www.linkedin.com/in/dr-javier-gut-demo,CH,Seed,3750000,Remote monitoring for regional clinics,Orkagrid: A platform that helps clinics monitor patients remotely and triage appointments. Raising 3.75m EUR (Seed).,,none
R0367,warm_intro,2026-09-22,Jonas Weber,Quernsense,https://quernsense.example,Martyn Davies,martyn@quernsense.example,https://www.linkedin.com/in/martyn-davies-demo,IS,Series A,17000000,Payments infrastructure for Nordic merchants,Quernsense: An API that lets merchants accept instant payments and reconcile invoices automatically. Raising 17.00m EUR (Series A).,Oskar Lindgren,angel
R0368,linkedin,2026-09-22,Emil Karlsson,STRANDGRID,,Loïs Françoise,,linkedin.com/in/loïs-françoise-demo/,NL,Seed,2250000,Casual gaming for European players,Strandgrid: A gaming studio shipping casual mobile games with live-ops and in-app purchases. Raising 2.25m EUR (Seed).,,none
R0369,website_form,2026-09-22,Emil Karlsson,Solbyte,https://solbyte.example,Dr. Déborah Kern,dr@solbyte.example,https://www.linkedin.com/in/dr-déborah-kern-demo,CH,Seed,1250000,Grid software for European battery storage fleets,Solbyte: Energy software that forecasts grid load and schedules battery storage to cut carbon. Raising 1.25m EUR (Seed).,,none
R0370,linkedin,2026-09-22,Sofie Nygaard,Zinkwise,https://zinkwise.example,Ricardo Scheiber,ricardo@zinkwise.example,https://www.linkedin.com/in/ricardo-scheiber-demo,AT,Series A,12000000,Workflow SaaS for independent construction firms,Zinkwise: B2B SaaS that digitises site workflow and supply chain paperwork for construction and manufacturing. Raising 12.00m EUR (Series A).,,none
R0371,website_form,2026-09-23,Lea Hoffmann,Arktlane,https://arktlane.example,Klas Karlsson,klas@arktlane.example,https://www.linkedin.com/in/klas-karlsson-demo,SE,Pre-Seed,700000,Payments infrastructure for regional merchants,Arktlane: An API that lets merchants accept instant payments and reconcile invoices automatically. Raising 0.70m EUR (Pre-Seed).,,none
R0372,cold_email,2026-09-23,Mette Lund,Isosense,https://isosense.example,Kayleigh Hammond,kayleigh@isosense.example,https://www.linkedin.com/in/kayleigh-hammond-demo,IS,Seed,2250000,Remote monitoring for fast-growing clinics,Isosense: A platform that helps clinics monitor patients remotely and triage appointments. Raising 2.25m EUR (Seed).,,none
R0373,website_form,2026-09-23,Emil Karlsson,KVISTSCOPE,,Casper Rasmussen,,linkedin.com/in/casper-rasmussen-demo/,DK,Seed,1500000,A consumer app for regional commuters,Kvistscope: A consumer mobile app that rewards commuters for greener travel choices. Raising 1.50m EUR (Seed).,,none
R0374,linkedin,2026-09-23,Astrid Holm,Lumoly,https://lumoly.example,Hussein Stutz,hussein@lumoly.example,https://www.linkedin.com/in/hussein-stutz-demo,CH,Seed,4750000,Autonomous robots for European warehouses,Lumoly: We build warehouse robotics and machine vision that automate picking in mid-size factories. Raising 4.75m EUR (Seed).,,none
R0375,website_form,2026-09-23,Lea Hoffmann,Moskware,https://moskware.example,Marjatta Niskanen,marjatta@moskware.example,https://www.linkedin.com/in/marjatta-niskanen-demo,FI,Pre-Seed,2500000,Grid software for regional battery storage fleets,Moskware: Energy software that forecasts grid load and schedules battery storage to cut carbon. Raising 2.50m EUR (Pre-Seed).,,none
R0376,linkedin,2026-09-23,Lea Hoffmann,Robotix,,Freja Lindqvist,,linkedin.com/in/freja-lindqvist-demo/,DE,Seed,3500000,Autonomous picking robots for mid-size European warehouses,Robotix AI builds warehouse robotics: autonomous picking arms with machine vision that automate order picking in mid-size factories and logistics hubs. Raising 3.50m EUR (Seed).,,none
R0377,linkedin,2026-09-23,Astrid Holm,Tuvabyte Oy,,Saara Elo-Laiho,saara@tuvabyte.example,,FI,Seed,2500000,Payments infrastructure for regional merchants,Tuvabyte: An API that lets merchants accept instant payments and reconcile invoices automatically. Raising 2.50m EUR (Seed).,,none
R0378,cold_email,2026-09-24,Jonas Weber,Arktforge,https://arktforge.example,Elna Klausen,elna@arktforge.example,https://www.linkedin.com/in/elna-klausen-demo,DK,Pre-Seed,1500000,Autonomous robots for regional warehouses,Arktforge: We build warehouse robotics and machine vision that automate picking in mid-size factories. Raising 1.50m EUR (Pre-Seed).,,none
R0379,website_form,2026-09-24,Lea Hoffmann,Brimbit,https://brimbit.example,Noel Meyer,noel@brimbit.example,https://www.linkedin.com/in/noel-meyer-demo,CH,Series A,13500000,Remote monitoring for regional clinics,Brimbit: A platform that helps clinics monitor patients remotely and triage appointments. Raising 13.50m EUR (Series A).,,none
R0380,warm_intro,2026-09-24,Astrid Holm,Grunhub,https://grunhub.example,Fru Birgit Kristensen,fru@grunhub.example,https://www.linkedin.com/in/fru-birgit-kristensen-demo,DK,Pre-Seed,3500000,Casual gaming for fast-growing players,Grunhub: A gaming studio shipping casual mobile games with live-ops and in-app purchases. Raising 3.50m EUR (Pre-Seed).,Kvarnbo Pension Fund,LP
R0381,warm_intro,2026-09-24,Astrid Holm,Lumobit,https://lumobit.example,Topias Ojala-Laine,topias@lumobit.example,https://www.linkedin.com/in/topias-ojala-laine-demo,FI,Pre-Seed,7500000,Payments infrastructure for European merchants,Lumobit: An API that lets merchants accept instant payments and reconcile invoices automatically. Raising 7.50m EUR (Pre-Seed).,Clara Neumann,angel
R0382,cold_email,2026-09-24,Astrid Holm,Lumoloop,https://lumoloop.example,Marek Dyszkiewicz,marek@lumoloop.example,https://www.linkedin.com/in/marek-dyszkiewicz-demo,PL,Pre-Seed,2000000,Autonomous robots for fast-growing warehouses,Lumoloop: We build warehouse robotics and machine vision that automate picking in mid-size factories. Raising 2.00m EUR (Pre-Seed).,,none
R0383,website_form,2026-09-24,Lea Hoffmann,Moskwise GmbH,,Danilo Kellner,danilo@moskwise.example,,AT,Seed,2000000,Casual gaming for independent players,Moskwise: A gaming studio shipping casual mobile games with live-ops and in-app purchases. Raising 2.00m EUR (Seed).,,none
R0384,warm_intro,2026-09-24,Jonas Weber,Runesense,https://runesense.example,Petteri Nuutinen,petteri@runesense.example,https://www.linkedin.com/in/petteri-nuutinen-demo,FI,Pre-Seed,2500000,Workflow SaaS for European construction firms,Runesense: B2B SaaS that digitises site workflow and supply chain paperwork for construction and manufacturing. Raising 2.50m EUR (Pre-Seed).,Oskar Lindgren,angel
R0385,warm_intro,2026-09-24,Sofie Nygaard,Tindraloop,https://tindraloop.example,Nina Friis,nina@tindraloop.example,https://www.linkedin.com/in/nina-friis-demo,DK,Seed,1250000,Payments infrastructure for fast-growing merchants,Tindraloop: An API that lets merchants accept instant payments and reconcile invoices automatically. Raising 1.25m EUR (Seed).,Ida Rasmussen (Loopfin),portfolio_founder
R0386,warm_intro,2026-09-25,Lukas Brandt,Fjordwerk,https://fjordwerk.example,Birgitta Hakala-Lehtonen,birgitta@fjordwerk.example,https://www.linkedin.com/in/birgitta-hakala-lehtonen-demo,FI,Pre-Seed,500000,Autonomous robots for Nordic warehouses,Fjordwerk: We build warehouse robotics and machine vision that automate picking in mid-size factories. Raising 0.50m EUR (Pre-Seed).,Ida Rasmussen (Loopfin),portfolio_founder
R0387,cold_email,2026-09-25,Astrid Holm,Lumosense,https://lumosense.example,Sil Willems-Elbertse,sil@lumosense.example,https://www.linkedin.com/in/sil-willems-elbertse-demo,NL,Pre-Seed,3000000,Payments infrastructure for Nordic merchants,Lumosense: An API that lets merchants accept instant payments and reconcile invoices automatically. Raising 3.00m EUR (Pre-Seed).,,none
R0388,cold_email,2026-09-25,Astrid Holm,Lumoyard,https://lumoyard.example,Ing. Athanasios Drubin,ing@lumoyard.example,https://www.linkedin.com/in/ing-athanasios-drubin-demo,DE,Series B,20500000,Workflow SaaS for European construction firms,Lumoyard: B2B SaaS that digitises site workflow and supply chain paperwork for construction and manufacturing. Raising 20.50m EUR (Series B).,,none
R0389,linkedin,2026-09-25,Lea Hoffmann,Quernlane,www.quernlane.example/,John Bergström,john@quernlane.example,https://www.linkedin.com/in/john-bergström-demo,SE,Series A,13000000,Payments infrastructure for mid-size merchants,Quernlane: An API that lets merchants accept instant payments and reconcile invoices automatically. Raising 13.00m EUR (Series A).,,none
R0390,warm_intro,2026-09-25,Mette Lund,Runenest,https://runenest.example,Maria Backlund,maria@runenest.example,https://www.linkedin.com/in/maria-backlund-demo,SE,Seed,4500000,Casual gaming for Nordic players,Runenest: A gaming studio shipping casual mobile games with live-ops and in-app purchases. Raising 4.50m EUR (Seed).,Oskar Lindgren,angel
R0391,warm_intro,2026-09-25,Mette Lund,Tindrawise,https://tindrawise.example,Charles Bailly-Lejeune,charles@tindrawise.example,https://www.linkedin.com/in/charles-bailly-lejeune-demo,FR,Pre-Seed,3500000,Grid software for fast-growing battery storage fleets,Tindrawise: Energy software that forecasts grid load and schedules battery storage to cut carbon. Raising 3.50m EUR (Pre-Seed).,Henrik Bjerre,angel
R0392,warm_intro,2026-09-25,Sofie Nygaard,Tuvaflow,https://tuvaflow.example,Pirjo Laaksonen,pirjo@tuvaflow.example,https://www.linkedin.com/in/pirjo-laaksonen-demo,FI,Seed,3750000,Casual gaming for fast-growing players,Tuvaflow: A gaming studio shipping casual mobile games with live-ops and in-app purchases. Raising 3.75m EUR (Seed).,Elbtal Stiftung,LP
R0393,website_form,2026-09-25,Lea Hoffmann,Zinkcell,https://zinkcell.example,Sofia Eriksson,sofia@zinkcell.example,https://www.linkedin.com/in/sofia-eriksson-demo,SE,Seed,4750000,Grid software for regional battery storage fleets,Zinkcell: Energy software that forecasts grid load and schedules battery storage to cut carbon. Raising 4.75m EUR (Seed).,,none
R0394,website_form,2026-09-28,Emil Karlsson,Isoly,https://isoly.example,Wilhelm Andrén,wilhelm@isoly.example,https://www.linkedin.com/in/wilhelm-andrén-demo,SE,Pre-Seed,2000000,Remote monitoring for regional clinics,Isoly: A platform that helps clinics monitor patients remotely and triage appointments. Raising 2.00m EUR (Pre-Seed).,,none
R0395,warm_intro,2026-09-28,Mette Lund,Lyngmint,https://lyngmint.example,Nicole Booth-Singh,nicole@lyngmint.example,https://www.linkedin.com/in/nicole-booth-singh-demo,IS,Series B,15500000,Autonomous robots for independent warehouses,Lyngmint: We build warehouse robotics and machine vision that automate picking in mid-size factories. Raising 15.50m EUR (Series B).,Matteo Graf (Pallettro),portfolio_founder
R0396,warm_intro,2026-09-28,Mette Lund,Pallobyte,https://pallobyte.example,Milan van der Schuijt,milan@pallobyte.example,https://www.linkedin.com/in/milan-van-der-schuijt-demo,NL,Seed,3250000,Grid software for independent battery storage fleets,Pallobyte: Energy software that forecasts grid load and schedules battery storage to cut carbon. Raising 3.25m EUR (Seed).,Matteo Graf (Pallettro),portfolio_founder
R0397,warm_intro,2026-09-28,Jonas Weber,Querncell,https://querncell.example,Asbjørn Solheim,asbjørn@querncell.example,https://www.linkedin.com/in/asbjørn-solheim-demo,NO,Series B,13500000,Remote monitoring for regional clinics,Querncell: A platform that helps clinics monitor patients remotely and triage appointments. Raising 13.50m EUR (Series B).,Oskar Lindgren,angel
R0398,cold_email,2026-09-28,Jonas Weber,Solbit,https://solbit.example,Fanny Sjögren-Sjölander,fanny@solbit.example,https://www.linkedin.com/in/fanny-sjögren-sjölander-demo,SE,Seed,5000000,Workflow SaaS for regional construction firms,Solbit: B2B SaaS that digitises site workflow and supply chain paperwork for construction and manufacturing. Raising 5.00m EUR (Seed).,,none
R0399,cold_email,2026-09-28,Mette Lund,Strandloop,https://strandloop.example,Mara Dennenberg,mara@strandloop.example,https://www.linkedin.com/in/mara-dennenberg-demo,NL,Seed,1250000,Grid software for Nordic battery storage fleets,Strandloop: Energy software that forecasts grid load and schedules battery storage to cut carbon. Raising 1.25m EUR (Seed).,,none
R0400,linkedin,2026-09-28,Lea Hoffmann,TUVAHUB,,Ville Heikkilä,,linkedin.com/in/ville-heikkilä-demo/,FI,Series A,16000000,Autonomous robots for regional warehouses,Tuvahub: We build warehouse robotics and machine vision that automate picking in mid-size factories. Raising 16.00m EUR (Series A).,,none
R0401,linkedin,2026-09-28,Astrid Holm,Tindralane,https://tindralane.example,Melissa Hirt,melissa@tindralane.example,https://www.linkedin.com/in/melissa-hirt-demo,CH,Seed,4750000,Payments infrastructure for European merchants,Tindralane: An API that lets merchants accept instant payments and reconcile invoices automatically. Raising 4.75m EUR (Seed).,,none
R0402,website_form,2026-09-29,Emil Karlsson,Jordflow,https://jordflow.example,Snezana Giger,snezana@jordflow.example,https://www.linkedin.com/in/snezana-giger-demo,CH,Series B,7000000,Casual gaming for independent players,Jordflow: A gaming studio shipping casual mobile games with live-ops and in-app purchases. Raising 7.00m EUR (Series B).,,none
R0403,warm_intro,2026-09-29,Lukas Brandt,Keloloop,https://keloloop.example,Franz Leunberger,franz@keloloop.example,https://www.linkedin.com/in/franz-leunberger-demo,CH,Seed,1500000,Payments infrastructure for Nordic merchants,Keloloop: An API that lets merchants accept instant payments and reconcile invoices automatically. Raising 1.50m EUR (Seed).,Ida Rasmussen (Loopfin),portfolio_founder
R0404,website_form,2026-09-29,Lea Hoffmann,Nimbubit AS,,Prof. Einar Strand,prof@nimbubit.example,,NO,Seed,9000000,Grid software for European battery storage fleets,Nimbubit: Energy software that forecasts grid load and schedules battery storage to cut carbon. Raising 9.00m EUR (Seed).,,none
R0405,warm_intro,2026-09-29,Jonas Weber,Norryard,https://norryard.example,Miss Leah Bradley,miss@norryard.example,https://www.linkedin.com/in/miss-leah-bradley-demo,IS,Seed,1750000,Autonomous robots for mid-size warehouses,Norryard: We build warehouse robotics and machine vision that automate picking in mid-size factories. Raising 1.75m EUR (Seed).,Oskar Lindgren,angel
R0406,linkedin,2026-09-29,Astrid Holm,Pallobit,https://pallobit.example,Esa Ylinen,esa@pallobit.example,https://www.linkedin.com/in/esa-ylinen-demo,FI,Series B,15500000,Payments infrastructure for European merchants,Pallobit: An API that lets merchants accept instant payments and reconcile invoices automatically. Raising 15.50m EUR (Series B).,,none
R0407,website_form,2026-09-29,Emil Karlsson,Strandyard,https://strandyard.example,Martine Aas,martine@strandyard.example,https://www.linkedin.com/in/martine-aas-demo,NO,Pre-Seed,800000,Grid software for independent battery storage fleets,Strandyard: Energy software that forecasts grid load and schedules battery storage to cut carbon. Raising 0.80m EUR (Pre-Seed).,,none
R0408,website_form,2026-09-29,Lea Hoffmann,Ulvbyte,ulvbyte.example/about/,Annemette Jacobsen,annemette@ulvbyte.example,https://www.linkedin.com/in/annemette-jacobsen-demo,DK,Series B,18500000,Autonomous robots for independent warehouses,Ulvbyte: We build warehouse robotics and machine vision that automate picking in mid-size factories. Raising 18.50m EUR (Series B).,,none
R0409,warm_intro,2026-09-30,Jonas Weber,Arktcell,https://arktcell.example,Margareta Jäggi,margareta@arktcell.example,https://www.linkedin.com/in/margareta-jäggi-demo,CH,Seed,3250000,Workflow SaaS for mid-size construction firms,Arktcell: B2B SaaS that digitises site workflow and supply chain paperwork for construction and manufacturing. Raising 3.25m EUR (Seed).,Ida Rasmussen (Loopfin),portfolio_founder
R0410,warm_intro,2026-09-30,Mette Lund,Elvanest,https://elvanest.example,Eric Miller-Phillips,eric@elvanest.example,https://www.linkedin.com/in/eric-miller-phillips-demo,IS,Seed,2750000,Grid software for regional battery storage fleets,Elvanest: Energy software that forecasts grid load and schedules battery storage to cut carbon. Raising 2.75m EUR (Seed).,Elbtal Stiftung,LP
R0411,linkedin,2026-09-30,Astrid Holm,Ulvcell,https://ulvcell.example,Tilda Lundgren,tilda@ulvcell.example,https://www.linkedin.com/in/tilda-lundgren-demo,SE,Series A,24000000,Payments infrastructure for Nordic merchants,Ulvcell: An API that lets merchants accept instant payments and reconcile invoices automatically. Raising 24.00m EUR (Series A).,,none
R0412,warm_intro,2026-09-30,Sofie Nygaard,Zinkgrid,https://zinkgrid.example,Mohamad Zehnder,mohamad@zinkgrid.example,https://www.linkedin.com/in/mohamad-zehnder-demo,CH,Seed,5000000,Grid software for fast-growing battery storage fleets,Zinkgrid: Energy software that forecasts grid load and schedules battery storage to cut carbon. Raising 5.00m EUR (Seed).,Sanna Virtanen (Kelo Grid),portfolio_founder
